-- phpMyAdmin SQL Dump
-- version 5.2.1
-- https://www.phpmyadmin.net/
--
-- Máy chủ: 127.0.0.1
-- Thời gian đã tạo: Th5 28, 2024 lúc 11:49 AM
-- Phiên bản máy phục vụ: 10.4.32-MariaDB
-- Phiên bản PHP: 8.2.12

SET SQL_MODE = "NO_AUTO_VALUE_ON_ZERO";
START TRANSACTION;
SET time_zone = "+00:00";


/*!40101 SET @OLD_CHARACTER_SET_CLIENT=@@CHARACTER_SET_CLIENT */;
/*!40101 SET @OLD_CHARACTER_SET_RESULTS=@@CHARACTER_SET_RESULTS */;
/*!40101 SET @OLD_COLLATION_CONNECTION=@@COLLATION_CONNECTION */;
/*!40101 SET NAMES utf8mb4 */;

--
-- Cơ sở dữ liệu: `phongkham`
--

-- --------------------------------------------------------

--
-- Cấu trúc bảng cho bảng `admin`
--

CREATE TABLE `admin` (
  `id` int(11) NOT NULL,
  `Ten` int(11) NOT NULL,
  `TenTaiKhoan` varchar(30) NOT NULL,
  `MatKhau` varchar(30) NOT NULL
) ENGINE=InnoDB DEFAULT CHARSET=utf8mb4 COLLATE=utf8mb4_general_ci;

-- --------------------------------------------------------

--
-- Cấu trúc bảng cho bảng `bacsi`
--

CREATE TABLE `bacsi` (
  `MaBS` int(11) NOT NULL,
  `TenBS` varchar(100) NOT NULL,
  `sdt` varchar(15) NOT NULL,
  `email` varchar(40) NOT NULL,
  `NgaySinh` date NOT NULL,
  `GioiTinh` varchar(10) NOT NULL,
  `MaKhoa` int(11) NOT NULL,
  `GioiThieu` longtext NOT NULL,
  `DanhGia` int(11) NOT NULL,
  `anh` varchar(100) NOT NULL,
  `GiaKham` int(11) NOT NULL
) ENGINE=InnoDB DEFAULT CHARSET=utf8mb4 COLLATE=utf8mb4_general_ci;

--
-- Đang đổ dữ liệu cho bảng `bacsi`
--

INSERT INTO `bacsi` (`MaBS`, `TenBS`, `sdt`, `email`, `NgaySinh`, `GioiTinh`, `MaKhoa`, `GioiThieu`, `DanhGia`, `anh`, `GiaKham`) VALUES
(34, 'Giáo sư, Tiến sĩ Hà Văn Quyết', '09234231134', '', '1976-07-08', 'Nam', 15, '<h2>Gi&aacute;o sư, Tiến sĩ, B&aacute;c sĩ H&agrave; Văn Quyết</h2>\r\n\r\n<ul>\r\n	<li>Gi&aacute;o sư, Tiến sỹ, B&aacute;c sĩ chuy&ecirc;n khoa Ngoại Ti&ecirc;u h&oacute;a</li>\r\n	<li>Chuy&ecirc;n gia đầu ng&agrave;nh trong lĩnh vực bệnh l&yacute; Ti&ecirc;u h&oacute;a</li>\r\n	<li>Kinh nghiệm l&agrave;m việc tr&ecirc;n 35 năm trong lĩnh vực bệnh l&yacute; Ti&ecirc;u h&oacute;a</li>\r\n	<li>Chuy&ecirc;n ng&agrave;nh Ngoại &ndash; Phẫu thuật Nội soi Ti&ecirc;u h&oacute;a, Ổ bụng &amp;&nbsp;c&aacute;c bệnh l&yacute; hậu m&ocirc;n, trực tr&agrave;ng.</li>\r\n	<li>B&aacute;c sĩ Nội tr&uacute; Bệnh viện Việt Đức&nbsp;</li>\r\n	<li>Nguy&ecirc;n Chủ nhiệm Bộ m&ocirc;n Ngoại - Đại học Y H&agrave; Nội&nbsp;</li>\r\n	<li>Nguy&ecirc;n Gi&aacute;m đốc Bệnh viện Đại học Y H&agrave; Nội</li>\r\n	<li>Nguy&ecirc;n Ph&oacute; Gi&aacute;m đốc Bệnh viện Việt Đức.</li>\r\n	<li>B&aacute;c sĩ kh&aacute;m cho người bệnh từ 3 tuổi trở l&ecirc;n</li>\r\n</ul>\r\n\r\n<h2><strong>Kh&aacute;m v&agrave; điều trị</strong></h2>\r\n\r\n<ul>\r\n	<li>Gi&aacute;o sư nhận kh&aacute;m, điều trị c&aacute;c bệnh l&yacute; kh&oacute; về Ti&ecirc;u h&oacute;a, hậu m&ocirc;n, trực tr&agrave;ng, gan mật.</li>\r\n	<li>Trực tiếp tiến h&agrave;nh Nội soi ti&ecirc;u h&oacute;a, dạ d&agrave;y, đại tr&agrave;ng</li>\r\n	<li>Kh&aacute;m, Nội soi, X&eacute;t nghiệm s&agrave;ng lọc ung thư đại trực tr&agrave;ng</li>\r\n	<li>Kh&aacute;m, Nội soi, X&eacute;t nghiệm s&agrave;ng lọc ung thư dạ d&agrave;y</li>\r\n	<li>Kh&aacute;m, Nội soi, X&eacute;t nghiệm s&agrave;ng lọc bệnh l&yacute; ung thư đường ti&ecirc;u h&oacute;a</li>\r\n	<li>Kh&aacute;m, Nội soi, tư vấn điều trị bệnh l&yacute; Hậu m&ocirc;n, Bệnh Trĩ Nội, Trĩ Ngoại.</li>\r\n</ul>\r\n\r\n<p>Kh&aacute;m v&agrave; điều trị c&aacute;c bệnh l&yacute; dạ d&agrave;y</p>\r\n\r\n<ul>\r\n	<li>Gắp dị vật đường ti&ecirc;u h&oacute;a</li>\r\n	<li>Đau dạ d&agrave;y</li>\r\n	<li>Chảy m&aacute;u dạ d&agrave;y&nbsp;</li>\r\n	<li>Đau thượng vị&nbsp;</li>\r\n	<li>Vi&ecirc;m dạ d&agrave;y</li>\r\n	<li>Lo&eacute;t dạ d&agrave;y t&aacute; tr&agrave;ng</li>\r\n	<li>Nhiễm Helicobacter pylori dạ d&agrave;y (HP)</li>\r\n	<li>Tr&agrave;o ngược dạ d&agrave;y thực quản (Gerd)</li>\r\n	<li>Tắc ruột&nbsp;</li>\r\n	<li>Polyp dạ d&agrave;y&nbsp;</li>\r\n	<li>Chảy m&aacute;u dạ d&agrave;y&nbsp;</li>\r\n	<li>Vi&ecirc;m dạ d&agrave;y ruột Virus</li>\r\n	<li>Vi&ecirc;m ruột thừa</li>\r\n	<li>Polyp dạ d&agrave;y</li>\r\n	<li>Ung thư dạ d&agrave;y</li>\r\n	<li>T&aacute;o b&oacute;n</li>\r\n	<li>Kh&oacute; nuốt</li>\r\n	<li>Kh&oacute; ti&ecirc;u</li>\r\n	<li>Ợ n&oacute;ng, Ợ chua</li>\r\n	<li>T&aacute;o b&oacute;n</li>\r\n</ul>\r\n\r\n<p>Bệnh l&yacute; đại tr&agrave;ng, trực tr&agrave;ng, hậu m&ocirc;n&nbsp;</p>\r\n\r\n<ul>\r\n	<li>Hội chứng ruột k&iacute;ch th&iacute;ch (vi&ecirc;m đại tr&agrave;ng co thắt)</li>\r\n	<li>Vi&ecirc;m đại tr&agrave;ng</li>\r\n	<li>Vi&ecirc;m đại tr&agrave;ng m&agrave;ng giả</li>\r\n	<li>Vi&ecirc;m lo&eacute;t đại tr&agrave;ng</li>\r\n	<li>Bệnh trĩ, trĩ chảy m&aacute;u, r&ograve; hậu m&ocirc;n</li>\r\n	<li>R&ograve; hậu m&ocirc;n, ngứa hậu m&ocirc;n</li>\r\n	<li>Nứt kẽ hậu m&ocirc;n, đại tiện ra m&aacute;u, đại tiện kh&oacute;</li>\r\n	<li>Apxe hậu m&ocirc;n</li>\r\n	<li>Đi ngo&agrave;i ra m&aacute;u&nbsp;</li>\r\n</ul>\r\n\r\n<p><strong>Kh&aacute;m v&agrave; điều trị c&aacute;c bệnh l&yacute; về gan, mật&nbsp;</strong></p>\r\n\r\n<ul>\r\n	<li>Vi&ecirc;m t&uacute;i mật, sỏi mật&nbsp;</li>\r\n	<li>Vi&ecirc;m tụy</li>\r\n	<li>Vi&ecirc;m xơ đường mật</li>\r\n	<li>Vi&ecirc;m xơ gan do rượu</li>\r\n	<li>Xơ gan</li>\r\n	<li>U gan</li>\r\n</ul>\r\n\r\n<p><strong>Nội soi ti&ecirc;u h&oacute;a&nbsp;</strong></p>\r\n\r\n<ul>\r\n	<li>Gắp dị vật đường ti&ecirc;u h&oacute;a&nbsp;</li>\r\n	<li>Kh&aacute;m, Nội soi, tư vấn điều trị bệnh l&yacute; Hậu m&ocirc;n, Bệnh Trĩ Nội, Trĩ Ngoại</li>\r\n	<li>Kh&aacute;m, Nội soi, X&eacute;t nghiệm s&agrave;ng lọc ung thư đại trực tr&agrave;ng</li>\r\n	<li>Kh&aacute;m, Nội soi, X&eacute;t nghiệm s&agrave;ng lọc bệnh l&yacute; ung thư đường ti&ecirc;u h&oacute;a</li>\r\n	<li>Kh&aacute;m, nội soi dạ d&agrave;y&nbsp;</li>\r\n	<li>Nội soi dạ d&agrave;y (c&oacute; g&acirc;y m&ecirc;)</li>\r\n	<li>Nội soi đại tr&agrave;ng (c&oacute; g&acirc;y m&ecirc;)</li>\r\n	<li>Nội soi cắt polyp dạ d&agrave;y</li>\r\n	<li>Nội soi cắt polyp đại trực tr&agrave;ng&nbsp;&nbsp;</li>\r\n	<li>Phẫu thuật nội soi cắt u dưới ni&ecirc;m mạc dạ d&agrave;y &ndash; t&aacute; tr&agrave;ng, đại tr&agrave;ng</li>\r\n	<li>Phẫu thuật nội soi tr&agrave;o ngược dạ d&agrave;y thực quản&nbsp;</li>\r\n</ul>\r\n\r\n<h3><strong>Qu&aacute; tr&igrave;nh Đ&agrave;o tạo</strong></h3>\r\n\r\n<ul>\r\n	<li>Tốt nghiệp B&aacute;c sĩ Đa khoa, Đại học Y H&agrave; Nội.</li>\r\n	<li>B&aacute;c sĩ Nội tr&uacute; tại c&aacute;c bệnh viện ở Paris, Cộng h&ograve;a Ph&aacute;p</li>\r\n	<li>Thực tập sinh khoa Ti&ecirc;u h&oacute;a trường Đại học Tokai, Nhật Bản</li>\r\n	<li>Tu nghiệp về chuy&ecirc;n khoa Ti&ecirc;u h&oacute;a tại Mỹ, Singapore, H&agrave;n Quốc&nbsp;</li>\r\n</ul>\r\n\r\n<h3><strong>S&aacute;ch v&agrave; c&aacute;c c&ocirc;ng tr&igrave;nh nghi&ecirc;n cứu, b&aacute;o c&aacute;o khoa học</strong></h3>\r\n\r\n<ul>\r\n	<li>Chủ bi&ecirc;n nhiều bộ s&aacute;ch gi&aacute;o khoa về Ngoại khoa phẫu thuật ti&ecirc;u h&oacute;a v&agrave; chuy&ecirc;n s&acirc;u về ti&ecirc;u h&oacute;a.</li>\r\n	<li>Tham gia c&aacute;c đề t&agrave;i nghi&ecirc;n cứu khoa học về ung thư dạ d&agrave;y, đại trực tr&agrave;ng; c&aacute;c chủ đề về bệnh l&yacute; tụy; c&aacute;c loại phẫu thuật nội soi, nội soi can thiệp; bệnh l&yacute; về hậu m&ocirc;n trực tr&agrave;ng.&nbsp;</li>\r\n</ul>\r\n\r\n<h3><strong>Th&agrave;nh vi&ecirc;n c&aacute;c Hội khoa học, tổ chức chuy&ecirc;n m&ocirc;n</strong></h3>\r\n\r\n<ul>\r\n	<li>Nguy&ecirc;n Tổng thư k&iacute; Hội Ngoại khoa Việt Nam&nbsp;</li>\r\n	<li>Ph&oacute; Chủ tịch Hội Khoa học về Hậu m&ocirc;n trực tr&agrave;ng&nbsp;</li>\r\n</ul>\r\n\r\n<h3><strong>Tham gia c&aacute;c chuy&ecirc;n đề sức khỏe&nbsp;</strong></h3>\r\n\r\n<ul>\r\n	<li>Ban bi&ecirc;n tập Tạp ch&iacute; Y học thực h&agrave;nh</li>\r\n	<li>Ban bi&ecirc;n tập Tạp ch&iacute; Ngoại khoa</li>\r\n	<li>Ban bi&ecirc;n tập Tạp ch&iacute; Hậu m&ocirc;n Trực tr&agrave;ng</li>\r\n</ul>\r\n', 4, 'gs-ha-van-quyet.jpg', 130000),
(35, ' Bác sĩ Tiết Kim Phong', '', '', '1980-02-09', 'Nam', 15, '<h2>B&aacute;c sĩ Tiết Kim Phong</h2>\r\n\r\n<ul>\r\n	<li>B&aacute;c sĩ đang c&ocirc;ng t&aacute;c tại Ph&ograve;ng kh&aacute;m Đa khoa Quốc tế Nh&acirc;n Hậu</li>\r\n</ul>\r\n\r\n<h3>Qu&aacute; tr&igrave;nh c&ocirc;ng t&aacute;c</h3>\r\n\r\n<ul>\r\n	<li>B&aacute;c sĩ chuy&ecirc;n khoa Nội Ti&ecirc;u h&oacute;a, Ph&ograve;ng kh&aacute;m Đa khoa Quốc tế Nh&acirc;n Hậu (2009 - nay)</li>\r\n</ul>\r\n\r\n<h3>Qu&aacute; tr&igrave;nh đ&agrave;o tạo</h3>\r\n\r\n<ul>\r\n	<li>Tốt nghiệp B&aacute;c sĩ Đa khoa, Đại học Y dược TP.HCM (2009)</li>\r\n</ul>\r\n\r\n<h2>Kh&aacute;m v&agrave; điều trị</h2>\r\n\r\n<p><strong>B&aacute;c sĩ kh&aacute;m v&agrave; điều trị c&aacute;c bệnh l&yacute; Nội ti&ecirc;u h&oacute;a</strong></p>\r\n\r\n<ul>\r\n	<li>Đau dạ d&agrave;y</li>\r\n	<li>Tr&agrave;o ngược dạ d&agrave;y - thực quản</li>\r\n	<li>Vi&ecirc;m hang vị dạ d&agrave;y</li>\r\n	<li>Vi&ecirc;m, lo&eacute;t dạ d&agrave;y</li>\r\n	<li>Vi&ecirc;m, lo&eacute;t t&aacute; tr&agrave;ng</li>\r\n	<li>Đau thượng vị</li>\r\n	<li>Kh&oacute; nuốt</li>\r\n	<li>Kh&oacute; ti&ecirc;u</li>\r\n	<li>Tăng huyết &aacute;p: đau đầu do huyết &aacute;p</li>\r\n	<li>Nhiễm si&ecirc;u vi: sốt</li>\r\n</ul>\r\n\r\n<p><strong>C&aacute;c bệnh l&yacute; về ruột</strong></p>\r\n\r\n<ul>\r\n	<li>Hội chứng ruột k&iacute;ch th&iacute;ch</li>\r\n	<li>Bệnh l&yacute; kh&ocirc;ng dung nạp lactose</li>\r\n	<li>Vi&ecirc;m đại tr&agrave;ng</li>\r\n	<li>Polyp, ung thư đại tr&agrave;ng &hellip;</li>\r\n	<li>Đi ngo&agrave;i ra m&aacute;u</li>\r\n	<li>Nứt kẽ hậu m&ocirc;n, đại tiện kh&oacute;</li>\r\n</ul>\r\n\r\n<p><strong>Kh&aacute;m v&agrave; điều trị c&aacute;c bệnh l&yacute; gan, mật</strong></p>\r\n\r\n<ul>\r\n	<li>Vi&ecirc;m xơ gan do rượu</li>\r\n	<li>Gan nhiễm mỡ</li>\r\n</ul>\r\n', 5, 'bs-tiet-kim-phong.jpg', 120000),
(36, ' Bác sĩ Chuyên khoa I Bùi Minh Hà', '', '', '1982-07-23', 'Nữ', 15, '<h2>B&aacute;c sĩ Chuy&ecirc;n khoa I B&ugrave;i Minh H&agrave;</h2>\r\n\r\n<ul>\r\n	<li>B&aacute;c sĩ Chuy&ecirc;n khoa Nội Ti&ecirc;u h&oacute;a, Ph&ograve;ng kh&aacute;m 28B Điện Bi&ecirc;n Phủ</li>\r\n	<li>Từng c&ocirc;ng t&aacute;c tại&nbsp;Bệnh viện Hữu nghị Việt X&ocirc;</li>\r\n	<li>B&aacute;c sĩ nhận kh&aacute;m cho bệnh nh&acirc;n từ 10 tuổi trở l&ecirc;n</li>\r\n</ul>\r\n\r\n<h2>Kh&aacute;m v&agrave; điều trị</h2>\r\n\r\n<ul>\r\n	<li>Tr&agrave;o ngược dạ d&agrave;y thực quản</li>\r\n	<li>Vi&ecirc;m lo&eacute;t đại tr&agrave;ng</li>\r\n	<li>Bệnh trĩ</li>\r\n	<li>Bệnh l&yacute; về gan: vi&ecirc;m gan, ung thư gan</li>\r\n	<li>Bệnh vi&ecirc;m tụy</li>\r\n	<li>Sỏi t&uacute;i mật</li>\r\n	<li>Hội chứng ruột k&iacute;ch th&iacute;ch</li>\r\n	<li>Bệnh ti&ecirc;u chảy, t&aacute;o b&oacute;n.</li>\r\n</ul>\r\n\r\n<h3>Qu&aacute; tr&igrave;nh c&ocirc;ng t&aacute;c</h3>\r\n\r\n<ul>\r\n	<li>B&aacute;c sĩ khoa Ti&ecirc;u ho&aacute;, Ph&ograve;ng kh&aacute;m Đa khoa 28B Điện Bi&ecirc;n Phủ (2004-nay)</li>\r\n	<li>B&aacute;c sĩ khoa Ti&ecirc;u h&oacute;a, Bệnh viện Hữu nghị Việt X&ocirc; (1981- 2004)</li>\r\n</ul>\r\n\r\n<h3>Qu&aacute; tr&igrave;nh đ&agrave;o tạo</h3>\r\n\r\n<ul>\r\n	<li>B&aacute;c sĩ Đa khoa, Đại học Y H&agrave; Nội (1975 - 1981)</li>\r\n</ul>\r\n\r\n<h3>Th&agrave;nh vi&ecirc;n c&aacute;c Hội khoa học, tổ chức chuy&ecirc;n m&ocirc;n</h3>\r\n\r\n<ul>\r\n	<li>Hội Ti&ecirc;u h&oacute;a Việt Nam</li>\r\n</ul>\r\n', 4, 'bs-bui-minh-ha.jpg', 110000),
(37, ' Thạc sĩ, Bác sĩ Hứa Thúy Vi', '', '', '1986-04-23', 'Nữ', 15, '<h2>Thạc sĩ, B&aacute;c sĩ Hứa Th&uacute;y Vi</h2>\r\n\r\n<ul>\r\n	<li>Gi&aacute;m đốc Ph&ograve;ng kh&aacute;m Chuy&ecirc;n khoa Nội An Phước</li>\r\n	<li>B&aacute;c sĩ chuy&ecirc;n khoa Ti&ecirc;u h&oacute;a - Gan mật - Nội soi ti&ecirc;u h&oacute;a</li>\r\n	<li>B&aacute;c sĩ nhận kh&aacute;m cho bệnh nh&acirc;n từ 15 tuổi trở l&ecirc;n</li>\r\n	<li>Hơn 15 năm c&ocirc;ng t&aacute;c tại Bệnh viện Nh&acirc;n d&acirc;n 115</li>\r\n</ul>\r\n\r\n<h3>Qu&aacute; tr&igrave;nh c&ocirc;ng t&aacute;c</h3>\r\n\r\n<ul>\r\n	<li>Hiện l&agrave;&nbsp;Gi&aacute;m đốc Ph&ograve;ng kh&aacute;m Chuy&ecirc;n khoa Nội An Phước (2018 - nay)</li>\r\n	<li>B&aacute;c sĩ điều trị, khoa Ti&ecirc;u h&oacute;a, Bệnh viện Nh&acirc;n d&acirc;n 115 (2004 - 2018)</li>\r\n	<li>B&aacute;c sĩ nội soi ti&ecirc;u h&oacute;a, khoa Nội soi,&nbsp;Bệnh viện Nh&acirc;n d&acirc;n 115 (2004 - 2018)</li>\r\n	<li>B&aacute;c sĩ lu&acirc;n khoa,&nbsp;Bệnh viện Nh&acirc;n d&acirc;n 115 (2003 - 2004)</li>\r\n</ul>\r\n\r\n<h3>Qu&aacute; tr&igrave;nh đ&agrave;o tạo</h3>\r\n\r\n<ul>\r\n	<li>Tốt nghiệp Thạc sĩ chuy&ecirc;n ng&agrave;nh Nội tổng qu&aacute;t, Đại học Y dược TPHCM (2012)</li>\r\n	<li>Tốt nghiệp B&aacute;c sĩ đa khoa, Đại học Y khoa Phạm Ngọc Thạch (2002)</li>\r\n	<li>Chứng chỉ Nội soi đại tr&agrave;ng, Bệnh viện Chợ Rẫy (2015)</li>\r\n	<li>Chứng chỉ Nội soi dạ d&agrave;y - t&aacute; tr&agrave;ng, Bệnh viện Nh&acirc;n d&acirc;n 115 (2014)</li>\r\n	<li>Chứng chỉ Si&ecirc;u &acirc;m tổng qu&aacute;t thực h&agrave;nh, Bệnh viện Đại học Y dược TPHCM (2005)</li>\r\n</ul>\r\n\r\n<h3>Th&agrave;nh vi&ecirc;n c&aacute;c Hội khoa học, tổ chức chuy&ecirc;n m&ocirc;n</h3>\r\n\r\n<ul>\r\n	<li>Hội Ti&ecirc;u h&oacute;a - Gan mật</li>\r\n</ul>\r\n\r\n<h2>Kh&aacute;m v&agrave; điều trị</h2>\r\n\r\n<p><strong>B&aacute;c sĩ kh&aacute;m v&agrave; điều trị:</strong></p>\r\n\r\n<ul>\r\n	<li>Vi&ecirc;m lo&eacute;t dạ d&agrave;y: đau bụng, n&ocirc;n &oacute;i, đầy bụng</li>\r\n	<li>Vi&ecirc;m thực quản tr&agrave;o ngược: nghẹn, nuốt nghẹn, kh&oacute; thở, ho k&eacute;o d&agrave;i</li>\r\n	<li>Nhiễm HP dạ d&agrave;y: đau bụng, n&ocirc;n &oacute;i, đầy bụng</li>\r\n	<li>Lo&eacute;t thực quản: nuốt vướng</li>\r\n	<li>Đầy bụng chưa r&otilde; nguy&ecirc;n nh&acirc;n: đầy, chướng bụng</li>\r\n	<li>Đau bụng chưa r&otilde; nguy&ecirc;n nh&acirc;n: đau bụng</li>\r\n	<li>Vi&ecirc;m đại tr&agrave;ng: rối loạn đi ti&ecirc;u l&uacute;c t&aacute;o b&oacute;n l&uacute;c ti&ecirc;u chảy</li>\r\n	<li>Vi&ecirc;m ruột: đau bụng, ti&ecirc;u lỏng, ti&ecirc;u m&aacute;u, sốt</li>\r\n	<li>Hội chứng ruột k&iacute;ch th&iacute;ch: rối loạn đi ti&ecirc;u l&uacute;c t&aacute;o b&oacute;n l&uacute;c ti&ecirc;u chảy</li>\r\n	<li>Bệnh Crohn: đau bụng, ti&ecirc;u m&aacute;u, sụt c&acirc;n</li>\r\n	<li>Rối loạn ti&ecirc;u ho&aacute;: rối loạn đi ti&ecirc;u</li>\r\n	<li>Vi&ecirc;m gan si&ecirc;u vi B tăng men gan, đầy bụng, v&agrave;ng da, v&agrave;ng mắt</li>\r\n	<li>Vi&ecirc;m gan si&ecirc;u vi C: c&oacute; thể chưa c&oacute; triệu chứng qua kh&aacute;m sức khoẻ</li>\r\n	<li>Xơ gan do rượu: v&agrave;ng da, v&agrave;ng mắt, tiểu v&agrave;ng</li>\r\n	<li>Xơ gan do vi&ecirc;m gan si&ecirc;u vi: v&agrave;ng da, v&agrave;ng mắt, tiểu v&agrave;ng</li>\r\n	<li>Vi&ecirc;m gan chưa r&otilde; nguy&ecirc;n nh&acirc;n: tăng men gan, ngứa, ăn k&eacute;m</li>\r\n	<li>Tăng men gan: tăng men gan, ngứa, ăn k&eacute;m</li>\r\n	<li>D&atilde;n tĩnh mạch thực quản: ti&ecirc;u ph&acirc;n đen, hoặc c&oacute; tiền căn xơ gan trước đ&oacute;</li>\r\n	<li>V&agrave;ng da chưa r&otilde; nguy&ecirc;n nh&acirc;n: v&agrave;ng da, v&agrave;ng mắt, tiều v&agrave;ng</li>\r\n	<li>THA, Đ&aacute;i th&aacute;o đường</li>\r\n</ul>\r\n', 5, '104940-bs-vi.jpg', 160000),
(38, ' Thạc sĩ Bác sĩ Trần Thị Kim Nguyên', '', '', '1974-12-18', 'Nữ', 16, '<h2>Thạc sĩ B&aacute;c sĩ Trần Thị Kim Nguy&ecirc;n</h2>\r\n\r\n<ul>\r\n	<li>Gần 35 năm kinh nghiệm kh&aacute;m v&agrave; điều trị bệnh l&yacute; Nội Tổng qu&aacute;t, Tim mạch v&agrave; c&aacute;c bệnh ở người cao tuổi</li>\r\n	<li>C&ocirc;ng t&aacute;c nhiều năm tại khoa Tim mạch kỹ thuật chuy&ecirc;n s&acirc;u, Bệnh viện Thống Nhất TP. HCM</li>\r\n	<li>Nguy&ecirc;n Ph&oacute; khoa Nội Tổng qu&aacute;t, Bệnh viện Đa khoa Quốc tế Vũ Anh</li>\r\n	<li>Tốt nghiệp B&aacute;c sĩ, Đại học Y khoa Odessa mang t&ecirc;n N.I PIRAGOV (Li&ecirc;n X&ocirc; cũ)</li>\r\n</ul>\r\n\r\n<h2>Kh&aacute;m v&agrave; điều trị</h2>\r\n\r\n<ul>\r\n	<li>C&aacute;c bệnh l&yacute; tim mạch: rối loạn nhịp tim, tăng huyết &aacute;p, rối loạn mỡ m&aacute;u,...</li>\r\n	<li>C&aacute;c bệnh l&yacute; nội khoa, c&aacute;c bệnh ở người cao tuổi</li>\r\n</ul>\r\n\r\n<h3>Qu&aacute; tr&igrave;nh c&ocirc;ng t&aacute;c</h3>\r\n\r\n<ul>\r\n	<li>B&aacute;c sĩ Tim mạch v&agrave; Nội Tổng qu&aacute;t, Ph&ograve;ng kh&aacute;m SIM Med (Nay)</li>\r\n	<li>B&aacute;c sĩ điều trị, Ph&ograve;ng kh&aacute;m Đa khoa Th&aacute;nh Mẫu (2017 - 2021)</li>\r\n	<li>B&aacute;c sĩ, ki&ecirc;m Gi&aacute;m đốc Chuy&ecirc;n m&ocirc;n, Ph&ograve;ng kh&aacute;m Đa khoa Th&aacute;nh Mẫu (2009 - 2017)</li>\r\n	<li>B&aacute;c sĩ, ki&ecirc;m Ph&oacute; khoa Nội Tổng qu&aacute;t, Bệnh viện Đa khoa Quốc tế Vũ Anh (2009)</li>\r\n	<li>B&aacute;c sĩ điều trị Trung t&acirc;m Tim mạch người cao tuổi, Khoa Tim mạch kỹ thuật chuy&ecirc;n s&acirc;u, Bệnh viện Thống Nhất TP. HCM (1989 - 2008)</li>\r\n</ul>\r\n\r\n<h3>Qu&aacute; tr&igrave;nh đ&agrave;o tạo</h3>\r\n\r\n<ul>\r\n	<li>Thạc sĩ Y học, Đại học Y Dược TP. HCM (1997)</li>\r\n	<li>Tốt nghiệp B&aacute;c sĩ, Đại học Y khoa Odessa mang t&ecirc;n N.I PIRAGOV (Li&ecirc;n X&ocirc; cũ) (1988)</li>\r\n</ul>\r\n\r\n<h3>Chứng chỉ trong nước hoặc nước ngo&agrave;i</h3>\r\n\r\n<ul>\r\n	<li>Kiến thức về bệnh Vi&ecirc;m gan si&ecirc;u vi B, C,&nbsp;Đại học Y khoa Phạm Ngọc Thạch (06/2022)</li>\r\n	<li>Chẩn đo&aacute;n v&agrave; điều trị suy tim,&nbsp;Bệnh viện Đại học Y Dược TP. HCM (04/2022)</li>\r\n	<li>C&aacute;c c&aacute;ch tiếp cận trong điều trị COPD - Qu&aacute; khứ hiện tại v&agrave; tương lai, Hội h&ocirc; hấp TP. HCM (03/2022)</li>\r\n	<li>Tiếp cận &amp; quản l&yacute; đa chiều bệnh l&yacute; tim mạch,&nbsp;Hội Y học TP. HCM (05/2021)</li>\r\n	<li>Xu hướng mới trong điều trị bệnh l&yacute; tim mạch hiện nay,&nbsp;Đại học Y Dược TP. HCM (11/2019)</li>\r\n	<li>Điều trị tối ưu v&agrave; to&agrave;n diện bệnh l&yacute; tim mạch - cập nhật ACC, ESC, HRS, Hội Y học TP. HCM (09/2019)</li>\r\n	<li>Cập nhật điều trị COPD v&agrave; hen theo khuyến c&aacute;o mới v&agrave; thực tế &aacute;p dụng tại Việt Nam, Bệnh viện Chợ Rẫy (12/2018)</li>\r\n	<li>Điều trị suy tim,&nbsp;Đại học Y Dược TP. HCM (06/2018)</li>\r\n	<li>Cập nhật c&aacute;c phương ph&aacute;p can thiệp nội mạch, điều trị bệnh l&yacute; mạch m&aacute;u c&oacute; sử dụng thuốc ti&ecirc;u sợi huyết,&nbsp;Bệnh viện Chợ Rẫy (05/2018)</li>\r\n	<li>...</li>\r\n</ul>\r\n\r\n<h3><strong>Giải thưởng</strong></h3>\r\n\r\n<ul>\r\n	<li>Giải thưởng Nh&agrave; Nghi&ecirc;n cứu trẻ của Hội Tim mạch Việt Nam (2005)</li>\r\n</ul>\r\n', 3, '164957-bs-kim-nguyen.jpg', 400000),
(39, 'Thạc sĩ, Bác sĩ Nguyễn Hữu Tùng', '', '', '1974-08-22', 'Nam', 16, '<h2>Thạc sĩ, B&aacute;c sĩ Nguyễn Hữu T&ugrave;ng</h2>\r\n\r\n<ul>\r\n	<li>Gần 25 năm kinh nghiệm trong lĩnh vực Tim mạch</li>\r\n	<li>Trưởng khoa Tim mạch, Bệnh viện Quốc tế City</li>\r\n	<li>B&aacute;c sĩ từng c&ocirc;ng t&aacute;c tại Bệnh viện Tim TP. HCM, Bệnh viện Tim T&acirc;m Đức</li>\r\n</ul>\r\n\r\n<h2>Kh&aacute;m v&agrave; điều trị</h2>\r\n\r\n<p>B&aacute;c sĩ nhận kh&aacute;m v&agrave; điều trị c&aacute;c vấn đề về tim mạch:</p>\r\n\r\n<ul>\r\n	<li>Bệnh mạch v&agrave;nh: đau ngực tr&aacute;i, kh&oacute; thở</li>\r\n	<li>Nhồi m&aacute;u cơ tim: đau ngực tr&aacute;i, kh&oacute; thở</li>\r\n	<li>Xơ vữa mạch m&aacute;u: đau ngực, đau ch&acirc;n khi đi lại, tai biến mạch n&atilde;o</li>\r\n	<li>Hẹp động mạch cảnh: đau đầu, ch&oacute;ng mặt, tai biến mạch n&atilde;o</li>\r\n	<li>Đột quỵ: yếu tay ch&acirc;n, liệt mặt</li>\r\n	<li>Tăng huyết &aacute;p: huyết &aacute;p cao, đau ngực, đau đầu</li>\r\n	<li>Bệnh tim do đ&aacute;i th&aacute;o đường: đau ngực, kh&oacute; thở</li>\r\n	<li>Rối loạn lipid m&aacute;u: tăng lipid m&aacute;u, bệnh mạch v&agrave;nh, đột quỵ</li>\r\n	<li>Tăng cholesterol m&aacute;u gia đ&igrave;nh: tăng LDL-C m&aacute;u &gt; 4.0 mmol/L, u v&agrave;ng ở da, bệnh mạch v&agrave;nh</li>\r\n	<li>Tăng triglycerid m&aacute;u: triglycerid m&aacute;u tăng cao, ăn kh&oacute; ti&ecirc;u, đau bụng, vi&ecirc;m tụy</li>\r\n	<li>Rối loạn lipid m&aacute;u hỗn hợp: tăng LDL-C m&aacute;u, tăng triglycerid m&aacute;u, bệnh mạch v&agrave;nh</li>\r\n	<li>Bệnh động mạch chủ di truyền: tiền sử gia đ&igrave;nh mắc bệnh hoặc động mạch chủ gi&atilde;n vỡ sớm</li>\r\n	<li>Bệnh tim bẩm sinh: th&ocirc;ng li&ecirc;n nhĩ, th&ocirc;ng li&ecirc;n thất, c&ograve;n ống động mạch, hẹp phổi, Fallot</li>\r\n	<li>C&oacute; tiếng thổi ở tim, kh&oacute; thở, đau ngực</li>\r\n	<li>Bệnh tim trẻ em: kh&oacute; thở, đau ngực, t&iacute;m t&aacute;i, chậm lớn, hay bị vi&ecirc;m phổi t&aacute;i ph&aacute;t&nbsp;</li>\r\n	<li>Hở van hai l&aacute;: kh&oacute; thở, đau ngực, mệt</li>\r\n	<li>Hẹp van hai l&aacute;: kh&oacute; thở, đau ngực, mệt</li>\r\n	<li>Hở van động mạch chủ: kh&oacute; thở, đau ngực, mệt</li>\r\n	<li>Hẹp van động mạch chủ: kh&oacute; thở, đau ngực, mệt</li>\r\n	<li>Suy tim: kh&oacute; thở, ph&ugrave;, mệt&nbsp;</li>\r\n	<li>Rung nhĩ: hồi hộp, tim đập kh&ocirc;ng đều</li>\r\n	<li>Ngoại t&acirc;m thu thất: tim đập kh&ocirc;ng đều</li>\r\n	<li>Rối loạn tim nhanh: tim đập nhanh, hồi hộp, đ&aacute;nh trống ngực</li>\r\n	<li>Suy gi&atilde;n tĩnh mạch chi dưới: t&ecirc; ch&acirc;n khi đứng, gi&atilde;n mạch m&aacute;u ở ch&acirc;n</li>\r\n	<li>Tăng &aacute;p động mạch phổi: kh&oacute; thở, đau ngực, mệt&nbsp;</li>\r\n</ul>\r\n\r\n<h3>Qu&aacute; tr&igrave;nh c&ocirc;ng t&aacute;c</h3>\r\n\r\n<ul>\r\n	<li>Hiện l&agrave; Trưởng khoa Tim mạch, Bệnh viện Quốc tế City (2013 - Nay)</li>\r\n	<li>B&aacute;c sĩ tại Bệnh viện Tim T&acirc;m Đức (2006 - 2012)</li>\r\n	<li>B&aacute;c sĩ Viện Tim TP.HCM (2004 - 2006)</li>\r\n	<li>L&agrave;m việc tại khoa Hỗ trợ sống n&acirc;ng cao d&agrave;nh cho người lớn tại Bệnh viện B&agrave; Rịa &ndash; Vũng T&agrave;u (1999 - 2001)</li>\r\n</ul>\r\n\r\n<h3>Qu&aacute; tr&igrave;nh đ&agrave;o tạo</h3>\r\n\r\n<ul>\r\n	<li>Tốt nghiệp B&aacute;c sĩ đa khoa, Đại học Y dược TP.HCM (1998)</li>\r\n	<li>Tốt nghiệp Thạc sĩ, Đại học Y dược TP.HCM (2004)</li>\r\n	<li>Chứng chỉ về Tim mạch của Viện Tim TP.HCM (2005)</li>\r\n	<li>Chứng chỉ về Điện sinh l&yacute; tim của Bệnh viện Đa khoa Cựu chiến binh Đ&agrave;i Bắc, Đ&agrave;i Loan (2010)</li>\r\n</ul>\r\n', 4, '145900-nht.png', 300000),
(40, 'Tiến sĩ, Bác sĩ chuyên khoa II Chu Minh Hà', '', '', '1976-11-25', 'Nữ', 16, '<h2>Tiến sĩ, B&aacute;c sĩ chuy&ecirc;n khoa II Chu Minh H&agrave;</h2>\r\n\r\n<ul>\r\n	<li>Thầy thuốc ưu t&uacute;, B&aacute;c sĩ chuy&ecirc;n khoa Nội Tim mạch</li>\r\n	<li>Nguy&ecirc;n Trưởng khoa Tim mạch, Ph&oacute; Gi&aacute;m đốc trung t&acirc;m Tim mạch Bệnh viện E</li>\r\n	<li>Hơn 30 năm kinh nghiệm kh&aacute;m v&agrave; điều trị c&aacute;c bệnh Tim mạch&nbsp;Nội tổng qu&aacute;t</li>\r\n	<li>B&aacute;c sĩ nhận kh&aacute;m c&aacute;c bệnh nh&acirc;n từ 16 tuổi trở l&ecirc;n</li>\r\n</ul>\r\n\r\n<h2>Kh&aacute;m v&agrave; điều trị</h2>\r\n\r\n<ul>\r\n	<li>Tăng huyết &aacute;p</li>\r\n	<li>Bệnh mạch v&agrave;nh</li>\r\n	<li>Bệnh đột quỵ</li>\r\n	<li>Bệnh suy tim</li>\r\n	<li>Bệnh l&yacute; về cơ tim v&agrave; m&agrave;ng ngo&agrave;i tim</li>\r\n	<li>Bệnh l&yacute; rối loạn về nhịp</li>\r\n	<li>Kh&aacute;m tổng qu&aacute;t cho c&aacute; nh&acirc;n&nbsp;</li>\r\n</ul>\r\n\r\n<h3>Qu&aacute; tr&igrave;nh c&ocirc;ng t&aacute;c</h3>\r\n\r\n<ul>\r\n	<li>B&aacute;c sĩ Nội tim mạch,&nbsp;Tổ hợp y tế MediPlus (2020 - nay)</li>\r\n	<li>Trưởng khoa Nội Tổng hợp, Bệnh viện E (2016 - 2020)</li>\r\n	<li>Trưởng ph&ograve;ng tổ chức c&aacute;n bộ, Bệnh viện E (2013 - 2016)</li>\r\n	<li>Trưởng khoa Tim mạch , Ph&oacute; Gi&aacute;m đốc trung t&acirc;m Tim mạch, Bệnh viện E (2009 - 2013)</li>\r\n	<li>B&aacute;c sĩ Trưởng khoa Tim mạch, Bệnh viện E (2008 - 2009)</li>\r\n	<li>B&aacute;c sĩ Ph&oacute; khoa Tim mạch, Bệnh viện E (2006 - 2008)</li>\r\n	<li>B&aacute;c sĩ khoa Tim mạch, Bệnh viện E (2004 - 2006)</li>\r\n	<li>B&aacute;c sĩ Trưởng khoa Kh&aacute;m bệnh,&nbsp;Bệnh viện Việt Tiệp Hải Ph&ograve;ng (2000 - 2004)</li>\r\n	<li>B&aacute;c sĩ khoa Nội Tim mạch,&nbsp;Bệnh viện Việt Tiệp Hải Ph&ograve;ng (1989 - 2000)</li>\r\n</ul>\r\n\r\n<h3>Qu&aacute; tr&igrave;nh đ&agrave;o tạo</h3>\r\n\r\n<ul>\r\n	<li>Tiến sĩ Y học,&nbsp;Học viện Qu&acirc;n Y (2009)</li>\r\n	<li>B&aacute;c sĩ chuy&ecirc;n khoa II,&nbsp;Học viện Qu&acirc;n Y (2004)</li>\r\n	<li>B&aacute;c sĩ&nbsp;Chuy&ecirc;n khoa cấp I,&nbsp;Trường Đại Học Y H&agrave; Nội (1997)</li>\r\n	<li>Tốt nghiệp Đại học Y H&agrave; Nội</li>\r\n	<li>Chứng chỉ Tim Mạch, Nhật Bản (2012)</li>\r\n	<li>Chứng chỉ Si&ecirc;u &acirc;m tim,&nbsp;Viện Tim Mạch Bệnh Viện Bạch Mai (2004)</li>\r\n</ul>\r\n\r\n<h3>Giải thưởng</h3>\r\n\r\n<ul>\r\n	<li>Được Nh&agrave; Nước Trao tặng danh hiệu &ldquo;Thầy thuốc ưu t&uacute;&rdquo;</li>\r\n</ul>\r\n\r\n<h3>Th&agrave;nh vi&ecirc;n c&aacute;c Hội khoa học, tổ chức chuy&ecirc;n m&ocirc;n</h3>\r\n\r\n<ul>\r\n	<li>Th&agrave;nh vi&ecirc;n của Hội đồng khoa học Bệnh Viện E</li>\r\n</ul>\r\n', 5, '100159-bs-chu-minh-ha.png', 250000),
(41, 'Thạc sĩ, Bác sĩ Bùi Thị Xuân Nga', '', '', '1982-07-22', 'Nữ', 16, '<h2>Thạc sĩ, B&aacute;c sĩ B&ugrave;i Xu&acirc;n Nga</h2>\r\n\r\n<ul>\r\n	<li>Hơn 20 năm kinh nghiệm kh&aacute;m v&agrave; điều trị c&aacute;c bệnh l&yacute; về Nội Tim mạch</li>\r\n	<li>Từng c&ocirc;ng t&aacute;c tại khoa Nội Tim mạch, Bệnh viện Đại học Y Dược TP.HCM</li>\r\n</ul>\r\n\r\n<h2>Kh&aacute;m v&agrave; điều trị</h2>\r\n\r\n<p>B&aacute;c sĩ nhận kh&aacute;m v&agrave; điều trị bệnh l&yacute; về:</p>\r\n\r\n<ul>\r\n	<li>L&atilde;o khoa</li>\r\n	<li>Bệnh mạch v&agrave;nh: đau ngực tr&aacute;i, kh&oacute; thở</li>\r\n	<li>Nhồi m&aacute;u cơ tim: đau ngực tr&aacute;i, kh&oacute; thở</li>\r\n	<li>Xơ vữa mạch m&aacute;u: đau ngực, đau ch&acirc;n khi đi lại, tai biến mạch n&atilde;o</li>\r\n	<li>Hẹp động mạch cảnh: đau đầu, ch&oacute;ng mặt, tai biến mạch n&atilde;o</li>\r\n	<li>Đột quỵ: yếu tay ch&acirc;n, liệt mặt</li>\r\n	<li>Tăng huyết &aacute;p: huyết &aacute;p cao, đau ngực, đau đầu</li>\r\n	<li>Bệnh tim do đ&aacute;i th&aacute;o đường: đau ngực, kh&oacute; thở</li>\r\n	<li>Rối loạn lipid m&aacute;u: tăng lipid m&aacute;u, bệnh mạch v&agrave;nh, đột quỵ</li>\r\n	<li>Tăng cholesterol m&aacute;u gia đ&igrave;nh: tăng LDL-C m&aacute;u &gt; 4.0 mmol/L, u v&agrave;ng ở da, bệnh mạch v&agrave;nh</li>\r\n	<li>Tăng triglycerid m&aacute;u: triglycerid m&aacute;u tăng cao, ăn kh&oacute; ti&ecirc;u, đau bụng, vi&ecirc;m tụy</li>\r\n	<li>Rối loạn lipid m&aacute;u hỗn hợp: tăng LDL-C m&aacute;u, tăng triglycerid m&aacute;u, bệnh mạch v&agrave;nh</li>\r\n	<li>Bệnh động mạch chủ di truyền: tiền sử gia đ&igrave;nh mắc bệnh hoặc động mạch chủ gi&atilde;n vỡ sớm</li>\r\n	<li>Bệnh tim bẩm sinh: th&ocirc;ng li&ecirc;n nhĩ, th&ocirc;ng li&ecirc;n thất, c&ograve;n ống động mạch, hẹp phổi, Fallot</li>\r\n	<li>C&oacute; tiếng thổi ở tim, kh&oacute; thở, đau ngực</li>\r\n	<li>Hở van hai l&aacute;: kh&oacute; thở, đau ngực, mệt</li>\r\n	<li>Hở van động mạch chủ: kh&oacute; thở, đau ngực, mệt</li>\r\n	<li>Hẹp van động mạch chủ: kh&oacute; thở, đau ngực, mệt</li>\r\n	<li>Suy tim: kh&oacute; thở, ph&ugrave;, mệt&nbsp;</li>\r\n	<li>Rung nhĩ: hồi hộp, tim đập kh&ocirc;ng đều</li>\r\n	<li>Ngoại t&acirc;m thu thất: tim đập kh&ocirc;ng đều</li>\r\n	<li>Rối loạn tim nhanh: tim đập nhanh, hồi hộp, đ&aacute;nh trống ngực</li>\r\n	<li>Suy gi&atilde;n tĩnh mạch chi dưới: t&ecirc; ch&acirc;n khi đứng, gi&atilde;n mạch m&aacute;u ở ch&acirc;n</li>\r\n	<li>Tăng &aacute;p động mạch phổi: kh&oacute; thở, đau ngực, mệt&nbsp;</li>\r\n</ul>\r\n\r\n<h3>Qu&aacute; tr&igrave;nh c&ocirc;ng t&aacute;c</h3>\r\n\r\n<ul>\r\n	<li>B&aacute;c sĩ khoa Nội Tim mạch, Bệnh viện Quốc tế City (2013 - nay)</li>\r\n	<li>Bác sĩ điều trị khoa Nội Tim Mạch, Bệnh viện Đại học Y Dược TP.HCM (2005 - 2013)</li>\r\n</ul>\r\n\r\n<h3>Qu&aacute; tr&igrave;nh đ&agrave;o tạo</h3>\r\n\r\n<ul>\r\n	<li>Tốt nghiệp Thạc sĩ chuy&ecirc;n ng&agrave;nh L&atilde;o khoa, Đại học Y dược TP.HCM (2012)</li>\r\n	<li>Tốt Nghiệp B&aacute;c sĩ Đa khoa Đại học Y dược TP.HCM (2001)</li>\r\n</ul>\r\n', 3, '152530-drbuixuannga400x600.jpg', 360000),
(43, 'Thạc sĩ, Bác sĩ Nguyễn Hữu Tùng', '', '', '1974-08-22', 'Nam', 16, '<h2>Thạc sĩ, B&aacute;c sĩ Nguyễn Hữu T&ugrave;ng</h2>\r\n\r\n<ul>\r\n	<li>Gần 25 năm kinh nghiệm trong lĩnh vực Tim mạch</li>\r\n	<li>Trưởng khoa Tim mạch, Bệnh viện Quốc tế City</li>\r\n	<li>B&aacute;c sĩ từng c&ocirc;ng t&aacute;c tại Bệnh viện Tim TP. HCM, Bệnh viện Tim T&acirc;m Đức</li>\r\n</ul>\r\n\r\n<h2>Kh&aacute;m v&agrave; điều trị</h2>\r\n\r\n<p>B&aacute;c sĩ nhận kh&aacute;m v&agrave; điều trị c&aacute;c vấn đề về tim mạch:</p>\r\n\r\n<ul>\r\n	<li>Bệnh mạch v&agrave;nh: đau ngực tr&aacute;i, kh&oacute; thở</li>\r\n	<li>Nhồi m&aacute;u cơ tim: đau ngực tr&aacute;i, kh&oacute; thở</li>\r\n	<li>Xơ vữa mạch m&aacute;u: đau ngực, đau ch&acirc;n khi đi lại, tai biến mạch n&atilde;o</li>\r\n	<li>Hẹp động mạch cảnh: đau đầu, ch&oacute;ng mặt, tai biến mạch n&atilde;o</li>\r\n	<li>Đột quỵ: yếu tay ch&acirc;n, liệt mặt</li>\r\n	<li>Tăng huyết &aacute;p: huyết &aacute;p cao, đau ngực, đau đầu</li>\r\n	<li>Bệnh tim do đ&aacute;i th&aacute;o đường: đau ngực, kh&oacute; thở</li>\r\n	<li>Rối loạn lipid m&aacute;u: tăng lipid m&aacute;u, bệnh mạch v&agrave;nh, đột quỵ</li>\r\n	<li>Tăng cholesterol m&aacute;u gia đ&igrave;nh: tăng LDL-C m&aacute;u &gt; 4.0 mmol/L, u v&agrave;ng ở da, bệnh mạch v&agrave;nh</li>\r\n	<li>Tăng triglycerid m&aacute;u: triglycerid m&aacute;u tăng cao, ăn kh&oacute; ti&ecirc;u, đau bụng, vi&ecirc;m tụy</li>\r\n	<li>Rối loạn lipid m&aacute;u hỗn hợp: tăng LDL-C m&aacute;u, tăng triglycerid m&aacute;u, bệnh mạch v&agrave;nh</li>\r\n	<li>Bệnh động mạch chủ di truyền: tiền sử gia đ&igrave;nh mắc bệnh hoặc động mạch chủ gi&atilde;n vỡ sớm</li>\r\n	<li>Bệnh tim bẩm sinh: th&ocirc;ng li&ecirc;n nhĩ, th&ocirc;ng li&ecirc;n thất, c&ograve;n ống động mạch, hẹp phổi, Fallot</li>\r\n	<li>C&oacute; tiếng thổi ở tim, kh&oacute; thở, đau ngực</li>\r\n	<li>Bệnh tim trẻ em: kh&oacute; thở, đau ngực, t&iacute;m t&aacute;i, chậm lớn, hay bị vi&ecirc;m phổi t&aacute;i ph&aacute;t&nbsp;</li>\r\n	<li>Hở van hai l&aacute;: kh&oacute; thở, đau ngực, mệt</li>\r\n	<li>Hẹp van hai l&aacute;: kh&oacute; thở, đau ngực, mệt</li>\r\n	<li>Hở van động mạch chủ: kh&oacute; thở, đau ngực, mệt</li>\r\n	<li>Hẹp van động mạch chủ: kh&oacute; thở, đau ngực, mệt</li>\r\n	<li>Suy tim: kh&oacute; thở, ph&ugrave;, mệt&nbsp;</li>\r\n	<li>Rung nhĩ: hồi hộp, tim đập kh&ocirc;ng đều</li>\r\n	<li>Ngoại t&acirc;m thu thất: tim đập kh&ocirc;ng đều</li>\r\n	<li>Rối loạn tim nhanh: tim đập nhanh, hồi hộp, đ&aacute;nh trống ngực</li>\r\n	<li>Suy gi&atilde;n tĩnh mạch chi dưới: t&ecirc; ch&acirc;n khi đứng, gi&atilde;n mạch m&aacute;u ở ch&acirc;n</li>\r\n	<li>Tăng &aacute;p động mạch phổi: kh&oacute; thở, đau ngực, mệt&nbsp;</li>\r\n</ul>\r\n\r\n<h3>Qu&aacute; tr&igrave;nh c&ocirc;ng t&aacute;c</h3>\r\n\r\n<ul>\r\n	<li>Hiện l&agrave; Trưởng khoa Tim mạch, Bệnh viện Quốc tế City (2013 - Nay)</li>\r\n	<li>B&aacute;c sĩ tại Bệnh viện Tim T&acirc;m Đức (2006 - 2012)</li>\r\n	<li>B&aacute;c sĩ Viện Tim TP.HCM (2004 - 2006)</li>\r\n	<li>L&agrave;m việc tại khoa Hỗ trợ sống n&acirc;ng cao d&agrave;nh cho người lớn tại Bệnh viện B&agrave; Rịa &ndash; Vũng T&agrave;u (1999 - 2001)</li>\r\n</ul>\r\n\r\n<h3>Qu&aacute; tr&igrave;nh đ&agrave;o tạo</h3>\r\n\r\n<ul>\r\n	<li>Tốt nghiệp B&aacute;c sĩ đa khoa, Đại học Y dược TP.HCM (1998)</li>\r\n	<li>Tốt nghiệp Thạc sĩ, Đại học Y dược TP.HCM (2004)</li>\r\n	<li>Chứng chỉ về Tim mạch của Viện Tim TP.HCM (2005)</li>\r\n	<li>Chứng chỉ về Điện sinh l&yacute; tim của Bệnh viện Đa khoa Cựu chiến binh Đ&agrave;i Bắc, Đ&agrave;i Loan (2010)</li>\r\n</ul>\r\n', 4, '145900-nht.png', 300000),
(44, 'Bác sĩ Phạm Trọng Nghĩa', '0343016001', 'nghia1990@gmail.com', '1990-03-12', 'Nam', 31, '<p><strong>B&aacute;c sĩ Phạm Trọng Nghĩa</strong></p>\r\n\r\n<ul>\r\n	<li>B&aacute;c sĩ đang c&ocirc;ng t&aacute;c tại Ph&ograve;ng kh&aacute;m Đa khoa Quốc tế Nh&acirc;n Hậu</li>\r\n	<li>B&aacute;c sĩ điều trị cơ xương khớp bằng c&aacute;c phương ph&aacute;p kết hợp y học hiện đại v&agrave; y học cổ truyền</li>\r\n</ul>\r\n\r\n<p><strong>Qu&aacute; tr&igrave;nh c&ocirc;ng t&aacute;c</strong></p>\r\n\r\n<ul>\r\n	<li>Hiện l&agrave; B&aacute;c sĩ kh&aacute;m v&agrave; điều trị tại Ph&ograve;ng kh&aacute;m Đa khoa Quốc tế Nh&acirc;n Hậu (2017 - nay)</li>\r\n	<li>B&aacute;c sĩ tại Bệnh viện Phục hồi chức năng v&agrave; Bệnh nghề nghiệp Quận 8 (2015 - 2017)</li>\r\n</ul>\r\n\r\n<p><strong>Qu&aacute; tr&igrave;nh đ&agrave;o tạo</strong></p>\r\n\r\n<ul>\r\n	<li>Tốt nghiệp B&aacute;c sĩ Y học cổ truyển, Đại học Y dược TP.HCM (2014)</li>\r\n	<li>Tốt nghiệp B&aacute;c sĩ chuy&ecirc;n ng&agrave;nh Nội Tổng hợp, Đại học Y dược Th&aacute;i B&igrave;nh (2015)</li>\r\n</ul>\r\n\r\n<p><strong>Kh&aacute;m v&agrave; điều trị</strong></p>\r\n\r\n<p><strong>B&aacute;c sĩ kh&aacute;m v&agrave; điều trị c&aacute;c mặt bệnh li&ecirc;n quan đến cơ xương khớp:</strong></p>\r\n\r\n<ul>\r\n	<li>Tho&aacute;i h&oacute;a cột sống cổ, cột sống thắt lưng</li>\r\n	<li>Hội chứng ống cổ tay</li>\r\n	<li>Bệnh gout</li>\r\n	<li>Tho&aacute;i h&oacute;a khớp</li>\r\n</ul>\r\n\r\n<p>Vi&ecirc;m khớp dạng thấp</p>\r\n', 4, 'PhamTrongNghia.jpg', 120000),
(45, ' Bác sĩ Nguyễn Văn Hưng', '033233016001', 'hung200@gmail.com', '1991-03-12', 'Nam', 31, '<p><strong>B&aacute;c sĩ Nguyễn Văn Hưng</strong></p>\r\n\r\n<ul>\r\n	<li>C&oacute; thế mạnh kh&aacute;m v&agrave; điều trị Y học cổ truyền, Chấn thương thể thao</li>\r\n	<li>Hiện đang c&ocirc;ng t&aacute;c tại Trung t&acirc;m đi&ecirc;̀u trị kĩ thu&acirc;̣t cao &ndash; Vi&ecirc;̣n Y sinh nhi&ecirc;̣t đới Vi&ecirc;̣t Nga</li>\r\n	<li>B&aacute;c sĩ nhận điều trị cho bệnh nh&acirc;n từ 6 tuổi trở l&ecirc;n</li>\r\n</ul>\r\n\r\n<p><strong>Kh&aacute;m v&agrave; điều trị</strong></p>\r\n\r\n<ul>\r\n	<li>Đau lưng, đau th&acirc;̀n kinh tọa</li>\r\n	<li>Đau c&ocirc;̉ vai gáy, h&ocirc;̣i chứng c&ocirc;̉ vai tay</li>\r\n	<li>Ch&acirc;́n thương th&ecirc;̉ thao:&nbsp;Đau do quá tải cơ, d&acirc;y chằng, các khớp. T&ocirc;̉n thương ph&acirc;̀n m&ecirc;̀m trong t&acirc;̣p luy&ecirc;̣n, thi đ&acirc;́u th&ecirc;̉ thao</li>\r\n</ul>\r\n\r\n<p><strong>Qu&aacute; tr&igrave;nh c&ocirc;ng t&aacute;c</strong></p>\r\n\r\n<ul>\r\n	<li>Bác sĩ -&nbsp;Trung t&acirc;m đi&ecirc;̀u trị kĩ thu&acirc;̣t cao &ndash; Vi&ecirc;̣n Y sinh nhi&ecirc;̣t đới Vi&ecirc;̣t Nga (2022 - Nay)</li>\r\n	<li>Bác sĩ -&nbsp;B&ecirc;̣nh vi&ecirc;̣n Y học c&ocirc;̉ truy&ecirc;̀n Hùng Vương &ndash; Bắc Giang (2022)</li>\r\n	<li>Bác sĩ -&nbsp;Trung t&acirc;m Y học th&ecirc;̉ thao Starsmec (2019 - 2022)</li>\r\n</ul>\r\n\r\n<p><strong>Qu&aacute; tr&igrave;nh đ&agrave;o tạo</strong></p>\r\n\r\n<ul>\r\n	<li>Bác sĩ Y học c&ocirc;̉ truy&ecirc;̀n -&nbsp;Học vi&ecirc;̣n Y dược học c&ocirc;̉ truy&ecirc;̀n Vi&ecirc;̣t Nam (2013 - 2019)</li>\r\n</ul>\r\n', 3, 'NguyenVanHung.jpg', 110000),
(46, ' Bác sĩ Nguyễn Hữu Hùng', '08987016001', 'hung2020@gmail.com', '1973-03-12', 'Nam', 31, '<p><strong>B&aacute;c sĩ Nguyễn Hữu H&ugrave;ng</strong></p>\r\n\r\n<ul>\r\n	<li>Hơn 10 năm kinh nghiệm lĩnh vực Y học cổ truyền</li>\r\n	<li>Từng c&ocirc;ng t&aacute;c tại Bệnh viện Trung ương Qu&acirc;n đội 108</li>\r\n</ul>\r\n\r\n<p><strong>Kh&aacute;m v&agrave; điều trị</strong></p>\r\n\r\n<ul>\r\n	<li>Tho&aacute;t vị đĩa đệm cột sống thắt lưng:&nbsp;Đau thắt lưng lan xuống m&ocirc;ng, ch&acirc;n k&egrave;m theo t&ecirc; b&igrave; ch&acirc;n, đau tăng khi vận động, giảm khi nghỉ ngơi,...</li>\r\n	<li>Tho&aacute;t vị đĩa đệm cột sống cổ:&nbsp;Đau v&ugrave;ng cổ g&aacute;y lan ra vai, c&aacute;nh tay k&egrave;m theo t&ecirc; b&igrave; dọc c&aacute;nh tay, đau đầu ch&oacute;ng mặt, run hoặc yếu chi,&hellip;</li>\r\n	<li>Di chứng tai biến mạch m&aacute;u n&atilde;o:&nbsp;Yếu nửa người sau tai biến mạch m&aacute;u n&atilde;o, giảm hoặc mất vận động tay ch&acirc;n,...</li>\r\n	<li>Rối loạn chuyển h&oacute;a: Mỡ m&aacute;u, tiểu đường, gout</li>\r\n	<li>Tho&aacute;i h&oacute;a khớp:&nbsp;Đau tại c&aacute;c khớp k&egrave;m theo hạn chế vận động, tr&agrave;n dịch khớp, sưng nề, tấy đỏ c&aacute;c khớp,...</li>\r\n</ul>\r\n\r\n<p><strong>Qu&aacute; tr&igrave;nh c&ocirc;ng t&aacute;c</strong></p>\r\n\r\n<ul>\r\n	<li>B&aacute;c sĩ -&nbsp;Trung t&acirc;m nhiệt đới Việt - Nga, Bộ quốc ph&ograve;ng (2014 - Nay)</li>\r\n	<li>B&aacute;c sĩ -&nbsp;Bệnh viện Trung ương Qu&acirc;n đội 108 (2010 - 2014)</li>\r\n</ul>\r\n\r\n<p><strong>Qu&aacute; tr&igrave;nh đ&agrave;o tạo</strong></p>\r\n\r\n<ul>\r\n	<li>B&aacute;c sĩ Y học cổ truyền -&nbsp;Học viện Y dược học cổ truyền Việt Nam (2004 - 2010)</li>\r\n</ul>\r\n\r\n<p><strong>S&aacute;ch v&agrave; c&aacute;c c&ocirc;ng tr&igrave;nh nghi&ecirc;n cứu, b&aacute;o c&aacute;o khoa học</strong></p>\r\n\r\n<ul>\r\n	<li>Đ&aacute;nh gi&aacute; hiệu quả điều trị tho&aacute;t vị đĩa đệm cột sống hắt lưng bằng kết hợp s&oacute;ng ngắn, xoa b&oacute;p bấm huyệt, điện ch&acirc;m, k&eacute;o gi&atilde;n cột sống v&agrave; đề xuất qui tr&igrave;nh điều trị (2021 - 2022)</li>\r\n	<li>Nghi&ecirc;n cứu thăm d&ograve; t&aacute;c dụng của vi&ecirc;n nang &Iacute;ch huyết minh n&atilde;o tr&ecirc;n bệnh nh&acirc;n thiểu năng tuần ho&agrave;n n&atilde;o mạn t&iacute;nh (2020 - 2021)</li>\r\n	<li>Đ&aacute;nh gi&aacute; t&aacute;c dụng hỗ trợ giảm đau của Bột Ng&acirc;m Ch&acirc;n do Trung t&acirc;m nghi&ecirc;n cứu điều trị kĩ thuật cao sản xuất tr&ecirc;n bệnh nh&acirc;n viem khớp dạng thấp (2018 - 2019)</li>\r\n</ul>\r\n', 5, 'NguyenHuuHung.jpg', 200000),
(47, 'Bác sĩ Võ Thị Hường', '0228701001', 'hung2020@gmail.com', '1974-03-20', 'Nữ', 31, '<p><strong>Thạc sĩ, B&aacute;c sĩ V&otilde; Thị Tr&uacute;c Phương</strong></p>\r\n\r\n<ul>\r\n	<li>B&aacute;c sĩ c&oacute; nhiều năm kinh nghiệm kh&aacute;m v&agrave; điều trị về lĩnh vực Y học Cổ truyền</li>\r\n	<li>Trưởng khoa Y học Cổ truyền, Bệnh viện Hồng Đức III</li>\r\n</ul>\r\n\r\n<p><strong>Kh&aacute;m v&agrave; điều trị</strong></p>\r\n\r\n<ul>\r\n	<li><strong>C&aacute;c vấn đề về cơ xương khớp:&nbsp;</strong>\r\n\r\n	<ul style=\"list-style-type:circle\">\r\n		<li>Liệt thần kinh III, IV, VI</li>\r\n		<li>Liệt d&acirc;y thần kinh số VII ngoại bi&ecirc;n, trung ương</li>\r\n		<li>Đau khớp vai, g&acirc;n cơ</li>\r\n		<li>Hội chứng ống cổ tay, ng&oacute;n tay bật</li>\r\n	</ul>\r\n	</li>\r\n	<li><strong>Ti&ecirc;u h&oacute;a gan - mật</strong>\r\n	<ul style=\"list-style-type:circle\">\r\n		<li>Hỗ trợ điều trị vi&ecirc;m gan si&ecirc;u vi</li>\r\n		<li>Vi&ecirc;m đại tr&agrave;ng mạn</li>\r\n		<li>Hội chứng gan nhiễm mỡ</li>\r\n		<li>Trĩ nội</li>\r\n	</ul>\r\n	</li>\r\n	<li><strong>Hệ h&ocirc; hấp&nbsp;</strong>\r\n	<ul style=\"list-style-type:circle\">\r\n		<li>Cảm mạo</li>\r\n		<li>Hen suyễn</li>\r\n		<li>Vi&ecirc;m phế quản mạn</li>\r\n	</ul>\r\n	</li>\r\n	<li><strong>Sinh dục - Tiết niệu&nbsp;</strong>\r\n	<ul style=\"list-style-type:circle\">\r\n		<li>Rối loạn cường dương</li>\r\n		<li>U xơ tiền luyệt tuyến</li>\r\n		<li>Rối loạn kinh nguyệt</li>\r\n		<li>Rối loạn tiền m&atilde;n kinh</li>\r\n	</ul>\r\n	</li>\r\n	<li><strong>Da liễu</strong>\r\n	<ul style=\"list-style-type:circle\">\r\n		<li>Mụn</li>\r\n		<li>Dị ứng</li>\r\n		<li>Tổ đĩa</li>\r\n		<li>Ch&agrave;m</li>\r\n		<li>Vẩy nến</li>\r\n	</ul>\r\n	</li>\r\n</ul>\r\n\r\n<p><strong>Qu&aacute; tr&igrave;nh c&ocirc;ng t&aacute;c&nbsp;</strong></p>\r\n\r\n<ul>\r\n	<li>C&ocirc;ng t&aacute;c tại Bệnh viện Hồng Đức III (12/2018 - Nay)</li>\r\n	<li>C&ocirc;ng t&aacute;c tại Trung T&acirc;m y tế Huyện G&ograve; C&ocirc;ng T&acirc;y - Tiền Giang (2009 - 2016)</li>\r\n</ul>\r\n\r\n<p><strong>Qu&aacute; tr&igrave;nh đ&agrave;o tạo&nbsp;</strong></p>\r\n\r\n<ul>\r\n	<li>Tốt nghiệp Cao học Y học Cổ truyền (2016 - 2018)</li>\r\n</ul>\r\n', 4, 'VoThiHuong.jpg', 190000),
(48, 'Bác sĩ Nguyễn Thị Hoài An', '0228701001', 'hung2020@gmail.com', '1974-03-20', 'Nữ', 30, '<ul>\r\n	<li>Ph&oacute; Gi&aacute;o sư, Tiến sĩ chuy&ecirc;n ng&agrave;nh Tai Mũi Họng</li>\r\n	<li>Nguy&ecirc;n Trưởng khoa Tai Mũi Họng trẻ em, Bệnh viện Tai Mũi Họng Trung ương</li>\r\n	<li>Tr&ecirc;n 25 năm c&ocirc;ng t&aacute;c tại Bệnh viện Tai Mũi Họng Trung ương</li>\r\n	<li>B&aacute;c sĩ Nội tr&uacute; chuy&ecirc;n ng&agrave;nh Tai Mũi Họng</li>\r\n	<li>B&aacute;c sĩ đ&atilde; từng tu nghiệp Cộng h&ograve;a Ph&aacute;p về Tai Mũi Họng</li>\r\n</ul>\r\n\r\n<p><strong>Kh&aacute;m &amp; điều trị</strong></p>\r\n\r\n<ul>\r\n	<li>Chuy&ecirc;n kh&aacute;m v&agrave; điều trị c&aacute;c bệnh l&yacute; Tai Mũi Họng người lớn</li>\r\n	<li>Chuy&ecirc;n kh&aacute;m v&agrave; điều trị c&aacute;c bệnh l&yacute; Tai Mũi Họng trẻ em</li>\r\n	<li>Nội soi Tai Mũi Họng</li>\r\n	<li>Thực hiện c&aacute;c qui tr&igrave;nh kỹ thuật Tai Mũi Họng</li>\r\n</ul>\r\n\r\n<p><strong>C&aacute;c bệnh về tai</strong></p>\r\n\r\n<ul>\r\n	<li>&Ugrave; tai, nghe k&eacute;m, điếc đột ngột</li>\r\n	<li>Chẩy mủ tai, vi&ecirc;m tai giữa cấp, mạn</li>\r\n	<li>V&aacute; m&agrave;ng nhĩ nội soi</li>\r\n	<li>Ph&aacute;t hiện sớm v&agrave; điều trị tốt bệnh vi&ecirc;m tai giữa m&agrave;ng nhĩ đ&oacute;ng k&iacute;n, kh&ocirc;ng chẩy mủ ra ngo&agrave;i</li>\r\n</ul>\r\n\r\n<p><strong>C&aacute;c bệnh mũi xoang</strong></p>\r\n\r\n<ul>\r\n	<li>Vi&ecirc;m mũi xoang dị ứng, vi&ecirc;m mũi vận mạch</li>\r\n	<li>Vi&ecirc;m mũi ngạt tắc mũi mạn t&iacute;nh</li>\r\n	<li>Vi&ecirc;m đa xoang mạn l&acirc;u ng&agrave;y kh&oacute; khỏi, polyp mũi xoang</li>\r\n	<li>Nấm mũi xoang</li>\r\n	<li>Đau đầu mạn t&iacute;nh do mũi xoang&hellip;</li>\r\n</ul>\r\n\r\n<p><strong>C&aacute;c bệnh về họng thanh quản</strong></p>\r\n\r\n<ul>\r\n	<li>Ở trẻ em vi&ecirc;m VA, vi&ecirc;m mũi họng mạn t&iacute;nh</li>\r\n	<li>C&aacute;c biến chứng của vi&ecirc;m VA (như vi&ecirc;m tai thanh dịch, vi&ecirc;m tai giữa cấp, vi&ecirc;m thanh kh&iacute; phế quản&hellip;.)</li>\r\n	<li>Vi&ecirc;m amiđan cấp, mạn</li>\r\n	<li>Nạo V.A</li>\r\n	<li>Cắt Amidan</li>\r\n</ul>\r\n', 4, 'NguyenThiHoaiAn.jpg', 160000),
(49, 'Bác sĩ Đoàn Thị Lan', '0228701001', 'lan@gmail.com', '1990-12-31', 'Nữ', 30, '<p><strong>Thạc sĩ, B&aacute;c sĩ Đo&agrave;n Thị Lan</strong></p>\r\n\r\n<ul>\r\n	<li>B&aacute;c sĩ tư vấn dinh dưỡng cho phụ nữ mang thai v&agrave; trẻ em</li>\r\n	<li>Nhiều năm kinh nghiệm trong lĩnh vực Tư vấn dinh dưỡng</li>\r\n</ul>\r\n\r\n<p><strong>Kh&aacute;m v&agrave; điều trị</strong></p>\r\n\r\n<ul>\r\n	<li>Tư vấn dinh dưỡng cho phụ nữ mang thai, phụ nữ sau sinh</li>\r\n	<li>Tư vấn dinh dưỡng cho trẻ từ 0 &ndash; 5 tuổi, giai đoạn sơ sinh, ăn dặm</li>\r\n	<li>Tư vấn dinh dưỡng cho phụ nữ mắc đ&aacute;i th&aacute;o đường thai kỳ, tăng/sụt c&acirc;n trong thời kỳ mang thai, thiếu vi chất&hellip;</li>\r\n</ul>\r\n\r\n<p><strong>Qu&aacute; tr&igrave;nh c&ocirc;ng t&aacute;c</strong></p>\r\n\r\n<ul>\r\n	<li>Hiện l&agrave; B&aacute;c sĩ kh&aacute;m v&agrave; điều trị, Bệnh viện Đa khoa Bảo Sơn</li>\r\n</ul>\r\n\r\n<p><strong>Qu&aacute; tr&igrave;nh đ&agrave;o tạo</strong></p>\r\n\r\n<ul>\r\n	<li>Tốt nghiệp B&aacute;c sĩ Đa khoa, Đại học Y H&agrave; Nội</li>\r\n	<li>Chứng chỉ Dinh dưỡng l&acirc;m s&agrave;ng v&agrave; điều trị, Viện dinh dưỡng quốc gia</li>\r\n</ul>\r\n', 5, 'DoanThiLan.jpg', 230000),
(50, 'Bác sĩ Nguyễn Thị Ngọc', '0228701001', 'Ngoc12@gmail.com', '1985-04-21', 'Nữ', 30, '<p><strong>B&aacute;c sĩ Chuy&ecirc;n khoa I Nguyễn Thị Ngọc</strong></p>\r\n\r\n<ul>\r\n	<li>B&aacute;c sĩ tại Bệnh viện Đa khoa Quốc tế Thu C&uacute;c</li>\r\n	<li>Gần 10 năm thăm kh&aacute;m v&agrave; điều trị c&aacute;c bệnh l&yacute; nhi khoa tại nhiều cơ sở y tế uy t&iacute;n</li>\r\n</ul>\r\n\r\n<p><strong>Kh&aacute;m v&agrave; điều trị</strong></p>\r\n\r\n<p>Kh&aacute;m v&agrave; điều trị c&aacute;c bệnh l&yacute; về Nhi khoa:</p>\r\n\r\n<ul>\r\n	<li>B&ecirc;̣nh l&yacute; sơ sinh</li>\r\n	<li>B&ecirc;̣nh ti&ecirc;u hóa</li>\r\n	<li>B&ecirc;̣nh tu&acirc;̀n hoàn</li>\r\n	<li>B&ecirc;̣nh h&ocirc; h&acirc;́p</li>\r\n	<li>B&ecirc;̣nh huy&ecirc;́t học</li>\r\n	<li>B&ecirc;̣nh th&acirc;̣n Ti&ecirc;́t ni&ecirc;̣u</li>\r\n	<li>B&ecirc;̣nh th&acirc;̀n kinh</li>\r\n	<li>B&ecirc;̣nh ngo&agrave;i da</li>\r\n	<li>B&ecirc;̣nh xương khớp</li>\r\n</ul>\r\n\r\n<p><strong>Qu&aacute; tr&igrave;nh C&ocirc;ng t&aacute;c</strong></p>\r\n\r\n<ul>\r\n	<li>B&aacute;c sĩ Chuy&ecirc;n khoa I, Bệnh viện Đa khoa Quốc tế Thu C&uacute;c</li>\r\n	<li>B&aacute;c sĩ, Bệnh viện Đa khoa Đống Đa</li>\r\n</ul>\r\n\r\n<p><strong>Qu&aacute; tr&igrave;nh Đ&agrave;o tạo</strong></p>\r\n\r\n<ul>\r\n	<li>Tốt nghiệp B&aacute;c sĩ Chuy&ecirc;n khoa I &ndash; Chuy&ecirc;n ngh&agrave;nh Nhi khoa tại Đại học Y H&agrave; Nội.</li>\r\n</ul>\r\n', 4, 'NguyenThiNgoc.jpg', 180000),
(51, 'Bác sĩ Nguyễn Hoài Chân', '02287012001', 'Chann1hh@gmail.com', '1070-12-06', 'Nữ', 30, '<h2><strong>B&aacute;c sĩ Chuy&ecirc;n khoa II Nguyễn Ho&agrave;i Ch&acirc;n</strong></h2>\r\n\r\n<ul>\r\n	<li>Gần 40 năm kinh nghiệm trong lĩnh vực Nhi khoa</li>\r\n	<li>B&aacute;c sĩ từng c&ocirc;ng t&aacute;c tại Bệnh viện Đa khoa Xanh P&ocirc;n, Bệnh viện Đa khoa Quốc tế Vinmec</li>\r\n</ul>\r\n\r\n<p><strong>Kh&aacute;m v&agrave; điều trị</strong></p>\r\n\r\n<p><strong>C&aacute;c bệnh l&iacute; h&ocirc; hấp thường gặp:</strong></p>\r\n\r\n<ul>\r\n	<li>Vi&ecirc;m phổi &ndash; Vi&ecirc;m phế quản: sốt, ho, thở mệt</li>\r\n	<li>Hen suyễn: ho, kh&ograve; kh&egrave;, thở mệt</li>\r\n	<li>Vi&ecirc;m tiểu phế quản: sốt, ho, kh&ograve; kh&egrave;, thở mệt</li>\r\n	<li>Vi&ecirc;m thanh kh&iacute; phế quản cấp: sốt, ho, kh&agrave;n tiếng, thở r&iacute;t</li>\r\n	<li>Vi&ecirc;m họng: sốt, ho, đau họng, sổ mũi</li>\r\n</ul>\r\n\r\n<p><strong>C&aacute;c bệnh l&iacute; ti&ecirc;u h&oacute;a thường gặp:</strong></p>\r\n\r\n<ul>\r\n	<li>Ti&ecirc;u chảy cấp: ti&ecirc;u chảy, sốt, &oacute;i</li>\r\n	<li>Rối loạn ti&ecirc;u h&oacute;a: ti&ecirc;u chảy, sốt, &oacute;i</li>\r\n	<li>Tr&agrave;o ngược dạ d&agrave;y thực quản: &oacute;i, &oacute;i ra m&aacute;u, trớ sữa</li>\r\n</ul>\r\n\r\n<p><strong>C&aacute;c vấn đề về Thận - Nội tiết:</strong></p>\r\n\r\n<ul>\r\n	<li>Rối loạn đi tiểu: tiểu dầm, tiểu lắt nhắt</li>\r\n	<li>Dậy th&igrave; sớm</li>\r\n	<li>Chậm tăng trưởng chiều cao</li>\r\n</ul>\r\n\r\n<p><strong>C&aacute;c vấn đề kh&aacute;c về Nhi tổng qu&aacute;t:</strong></p>\r\n\r\n<ul>\r\n	<li>Tư vấn dinh dưỡng</li>\r\n	<li>Tư vấn chủng ngừa</li>\r\n</ul>\r\n\r\n<p><strong>Qu&aacute; tr&igrave;nh c&ocirc;ng t&aacute;c</strong></p>\r\n\r\n<ul>\r\n	<li>B&aacute;c sĩ Nhi khoa -&nbsp;Bệnh viện Đa khoa Bảo Sơn (nay)</li>\r\n	<li>Nguy&ecirc;n B&aacute;c sĩ Nhi khoa -&nbsp;Bệnh viện Đa khoa Quốc tế Vinmec</li>\r\n	<li>Nguy&ecirc;n B&aacute;c sĩ Nhi khoa - Bệnh viện Đa khoa Xanh P&ocirc;n</li>\r\n</ul>\r\n\r\n<p><strong>Qu&aacute; tr&igrave;nh đ&agrave;o tạo</strong></p>\r\n\r\n<ul>\r\n	<li>B&aacute;c sĩ Chuy&ecirc;n khoa II Nhi khoa -&nbsp;Đại học Y H&agrave; Nội (2008)</li>\r\n	<li>B&aacute;c sĩ Chuy&ecirc;n khoa I Nhi khoa -&nbsp;Đại học Y H&agrave; Nội (1998)</li>\r\n	<li>Tốt nghiệp B&aacute;c sĩ Đa khoa -&nbsp;Đại học Y H&agrave; Nội (1985)</li>\r\n</ul>\r\n', 5, 'NguyenHoaiChan.jpg', 300000),
(52, 'Bác sĩ chuyên khoa I Lê Hữu Dương', '0938234592', '', '1990-05-03', 'Nam', 35, '<p><strong>B&aacute;c sĩ L&ecirc; Hữu Dương</strong></p>\r\n\r\n<ul>\r\n	<li>B&aacute;c sĩ chuy&ecirc;n khoa Tai Mũi Họng, Ph&ograve;ng kh&aacute;m Đa khoa Phước Thịnh</li>\r\n	<li>Nhiều năm kinh nghiệm trong kh&aacute;m v&agrave; điều trị chuy&ecirc;n khoa Tai Mũi Họng</li>\r\n	<li>B&aacute;c sĩ nhận kh&aacute;m cho trẻ em v&agrave; người lớn&nbsp;</li>\r\n</ul>\r\n\r\n<p><strong>Qu&aacute; tr&igrave;nh c&ocirc;ng t&aacute;c</strong></p>\r\n\r\n<ul>\r\n	<li>Hiện l&agrave;&nbsp;B&aacute;c sĩ chuy&ecirc;n khoa Tai Mũi Họng, Ph&ograve;ng kh&aacute;m Đa khoa Phước Thịnh</li>\r\n	<li>Đ&atilde; c&ocirc;ng t&aacute;c v&agrave; điều trị tại Bệnh viện Bưu Điện TP.HCM</li>\r\n</ul>\r\n\r\n<p><strong>Qu&aacute; tr&igrave;nh đ&agrave;o tạo</strong></p>\r\n\r\n<ul>\r\n	<li>Tốt nghiệp B&aacute;c sĩ Đa khoa, Đại học Y dược Cần Thơ</li>\r\n	<li>Tốt nghiệp B&aacute;c sĩ Chuy&ecirc;n khoa I chuy&ecirc;n ng&agrave;nh Tai Mũi Họng, Đại học Y dược TP.HCM</li>\r\n</ul>\r\n\r\n<p><strong>Kh&aacute;m v&agrave; điều trị</strong></p>\r\n\r\n<ul>\r\n	<li>Vi&ecirc;m mũi họng cấp: sốt, đau họng, chảy mũi</li>\r\n	<li>Vi&ecirc;m xoang cấp: sốt, chảy mũi xanh, đau v&ugrave;ng m&aacute;, tr&aacute;n, đau đầu, nh&igrave;n mờ</li>\r\n	<li>Vi&ecirc;m thanh quản cấp: sốt, đau họng, kh&agrave;n tiếng</li>\r\n	<li>Vi&ecirc;m Amidan cấp: sốt, đau họng, giọng n&oacute;i thay đổi, hạch cổ</li>\r\n	<li>Vi&ecirc;m VA cấp: sốt, chảy mũi</li>\r\n	<li>Vi&ecirc;m tai giữa cấp: sốt, đau tai, chảy mũi, ho</li>\r\n	<li>Vi&ecirc;m ống tai ngo&agrave;i: sau ngo&aacute;y tai xuất hiện đau tai, đau tăng khi nhai, ng&aacute;p, sờ tai b&ecirc;n bệnh thấy đầy ngay lỗ tai</li>\r\n	<li>Vi&ecirc;m họng mạn: h&ocirc; họng, cay họng, hay đằng hắng</li>\r\n	<li>Vi&ecirc;m mũi xoang mạn Chảy dịch từ mũi xuống họng, ngạt mũi k&eacute;o d&agrave;i, mất ngửi&hellip;.</li>\r\n	<li>Vi&ecirc;m mũi xoang dị ứng</li>\r\n	<li>Vi&ecirc;m thanh quản mạn</li>\r\n	<li>...</li>\r\n</ul>\r\n', 4, '145245-bs-huu-duong.jpg', 200000);
INSERT INTO `bacsi` (`MaBS`, `TenBS`, `sdt`, `email`, `NgaySinh`, `GioiTinh`, `MaKhoa`, `GioiThieu`, `DanhGia`, `anh`, `GiaKham`) VALUES
(53, 'Bác sĩ Nội trú Nguyễn Duy Sơn', '0964328538', '', '1982-08-18', 'Nam', 35, '<p><strong>B&aacute;c sĩ nội tr&uacute; Nguyễn Duy Sơn</strong></p>\r\n\r\n<ul>\r\n	<li>Nguy&ecirc;n Ph&oacute; trưởng khoa Phẫu thuật chỉnh h&igrave;nh, Bệnh viện Tai mũi họng Trung ương</li>\r\n	<li>Nguy&ecirc;n Giảng vi&ecirc;n trường Đại học Y H&agrave; Nội</li>\r\n	<li>Tốt nghiệp B&aacute;c sĩ Nội tr&uacute; Chuy&ecirc;n khoa Tai mũi họng, trường Đại học Y H&agrave; Nội</li>\r\n	<li>Tốt nghiệp Nội tr&uacute; Ph&aacute;p chuy&ecirc;n khoa Tai mũi họng, trường CHU D&#39;Anger</li>\r\n	<li>B&aacute;c sĩ nhận kh&aacute;m mọi độ tuổi</li>\r\n</ul>\r\n\r\n<p><strong>Kh&aacute;m v&agrave; điều trị c&aacute;c bệnh</strong></p>\r\n\r\n<p><strong>C&aacute;c bệnh về tai</strong></p>\r\n\r\n<ul>\r\n	<li>&Ugrave; tai, nghe k&eacute;m, điếc đột ngột</li>\r\n	<li>Chẩy mủ tai</li>\r\n	<li>Vi&ecirc;m tai giữa</li>\r\n	<li>Vi&ecirc;m tai ngo&agrave;i</li>\r\n	<li>Nhọt ống tai</li>\r\n	<li>N&uacute;t r&aacute;y tai</li>\r\n	<li>Vi&ecirc;m tai xương chũm cấp, mạn</li>\r\n	<li>R&ograve; lu&acirc;n nhĩ</li>\r\n	<li>R&ograve; khe nang</li>\r\n	<li>&Ugrave; tai</li>\r\n	<li>Tắc v&ograve;i nhĩ</li>\r\n	<li>Vi&ecirc;m ống tai ngo&agrave;i</li>\r\n	<li>Nấm tai</li>\r\n</ul>\r\n\r\n<p><strong>C&aacute;c bệnh về mũi</strong></p>\r\n\r\n<ul>\r\n	<li>Vi&ecirc;m mũi xoang dị ứng, vi&ecirc;m mũi vận mạch</li>\r\n	<li>Vi&ecirc;m mũi ngạt tắc mũi mạn t&iacute;nh</li>\r\n	<li>V&ecirc;m đa xoang mạn l&acirc;u ng&agrave;y kh&oacute; khỏi, polyp mũi xoang</li>\r\n	<li>Nấm mũi xoang</li>\r\n	<li>Đau đầu mạn t&iacute;nh do mũi xoang</li>\r\n	<li>Vi&ecirc;m mũi họng mạn t&iacute;nh</li>\r\n	<li>Kh&aacute;m v&agrave; điều trị trĩ mũi</li>\r\n	<li>Phẫu thuật nạo v&aacute;ch ngăn mũi</li>\r\n</ul>\r\n\r\n<p><strong>C&aacute;c bệnh về họng</strong></p>\r\n\r\n<ul>\r\n	<li>Vi&ecirc;m amiđan cấp, mạn</li>\r\n	<li>Nạo V.A</li>\r\n	<li>Cắt Amidan</li>\r\n	<li>Vi&ecirc;m v&ograve;m họng</li>\r\n	<li>Nang v&ograve;m họng</li>\r\n	<li>Bệnh l&yacute; hạ họng</li>\r\n	<li>Nội soi v&ograve;m họng ph&aacute;t hiện ung thư v&ograve;m họng</li>\r\n	<li>Polyp d&acirc;y thanh</li>\r\n	<li>Nang d&acirc;y thanh</li>\r\n	<li>Bệnh l&yacute; hạ thanh m&ocirc;n</li>\r\n	<li>U nang gi&aacute;p lưỡi</li>\r\n	<li>Kh&aacute;m v&agrave; điều trị vi&ecirc;m thanh quản</li>\r\n	<li>Lấy dị vật thanh quản</li>\r\n	<li>Kh&aacute;m v&agrave; điều trị u nh&uacute; thanh quản</li>\r\n	<li>Polyp thanh quản</li>\r\n	<li>Bỏng họng</li>\r\n	<li>U xơ v&ograve;m mũi họng</li>\r\n	<li>Bệnh l&yacute; tuyến gi&aacute;p</li>\r\n</ul>\r\n\r\n<p><strong>Qu&aacute; tr&igrave;nh đ&agrave;o tạo</strong></p>\r\n\r\n<ul>\r\n	<li>Tốt nghiệp trường Đại học Y H&agrave; Nội (1989)</li>\r\n	<li>Tốt nghiệp B&aacute;c sĩ Nội tr&uacute; Chuy&ecirc;n khoa Tai mũi họng, trường Đại học Y H&agrave; Nội (1992)</li>\r\n	<li>Tốt nghiệp B&aacute;c sĩ Nội tr&uacute; Ph&aacute;p chuy&ecirc;n khoa Tai mũi họng, trường CHU D&#39;Anger (2001)</li>\r\n</ul>\r\n\r\n<p><strong>Qu&aacute; tr&igrave;nh c&ocirc;ng t&aacute;c</strong></p>\r\n\r\n<ul>\r\n	<li>Nguy&ecirc;n ph&oacute; khoa Phẫu thuật chỉnh h&igrave;nh, Bệnh viện Tai mũi họng Trung ương</li>\r\n	<li>C&ocirc;ng t&aacute;c tại Bệnh viện Tai mũi họng Trung ương (1996-2013)</li>\r\n</ul>\r\n\r\n<p><strong>Th&agrave;nh vi&ecirc;n c&aacute;c Hội khoa học, tổ chức chuy&ecirc;n m&ocirc;n</strong></p>\r\n\r\n<ul>\r\n	<li>Th&agrave;nh vi&ecirc;n Hội Tai mũi họng H&agrave; Nội</li>\r\n	<li>Th&agrave;nh vi&ecirc;n Hội Tai mũi họng Trung ương</li>\r\n	<li>Th&agrave;nh vi&ecirc;n Hội phẫu thuật thẩm mỹ H&agrave;n Quốc</li>\r\n</ul>\r\n', 5, '114353-bs-duy-son.jpg', 320000),
(54, 'Bác sĩ Chuyên khoa II Lê Nhật Vinh', ' 0962389418', '', '1992-09-28', 'Nam', 35, '<p><strong>B&aacute;c sĩ Chuy&ecirc;n khoa II L&ecirc; Nhật Vinh</strong></p>\r\n\r\n<ul>\r\n	<li>Hơn 10 năm kinh nghiệm lĩnh vực Tai mũi họng</li>\r\n	<li>Từng c&ocirc;ng t&aacute;c tại Bệnh viện Thống Nhất, Bệnh viện Tai mũi họng TP. HCM</li>\r\n	<li>B&aacute;c sĩ nhận kh&aacute;m mọi độ tuổi</li>\r\n</ul>\r\n\r\n<p><strong>Kh&aacute;m v&agrave; điều trị</strong></p>\r\n\r\n<ul>\r\n	<li>Vi&ecirc;m tai giữa:&nbsp;Đau tai, chảy dịch, nghe k&eacute;m, &ugrave; tai</li>\r\n	<li>Vi&ecirc;m mũi xoang: Đau đầu, ngạt mũi, chảy mủ</li>\r\n	<li>Vi&ecirc;m mũi dị ứng:&nbsp;Hắt x&igrave;, chảy mũi, ngứa mũi, ngạt mũi</li>\r\n	<li>Vi&ecirc;m họng:&nbsp;Đau r&aacute;t họng, h&ocirc;i miệng, vướng họng</li>\r\n	<li>Vi&ecirc;m Amidan:&nbsp;Sốt, đau họng, ngủ ng&aacute;y</li>\r\n	<li>Hội chứng tr&agrave;o ngược dạ d&agrave;y thực quản:&nbsp;Vướng họng, thay đổi giọng n&oacute;i</li>\r\n	<li>Vi&ecirc;m mũi VA:&nbsp;Ngạt mũi, ngủ ng&aacute;y</li>\r\n	<li>Vi&ecirc;m thanh quản:&nbsp;Kh&agrave;n tiếng</li>\r\n	<li>Hạt xơ thanh quản:&nbsp;Kh&agrave;n tiếng, hụt hơi</li>\r\n	<li>Dị vật đường thở:&nbsp;Kh&oacute; thở</li>\r\n	<li>Vi&ecirc;m đường phế quản:&nbsp;Ho, tức ngực, kh&oacute; thở</li>\r\n	<li>Hen phế quản:&nbsp;Ho, kh&oacute; thở</li>\r\n	<li>Vi&ecirc;m phổi:&nbsp;Sốt, ho, kh&oacute; thở</li>\r\n	<li>Nấm ống tai:&nbsp;Ngứa tai, &ugrave; tai</li>\r\n</ul>\r\n\r\n<p><strong>Qu&aacute; tr&igrave;nh c&ocirc;ng t&aacute;c</strong></p>\r\n\r\n<ul>\r\n	<li>Học Chuy&ecirc;n khoa II tại bệnh viện Tai mũi họng v&agrave; khoa Tai mũi họng của Bệnh viện Nh&acirc;n d&acirc;n Gia Định, Bệnh viện Trưng Vương, Bệnh viện Thống Nhất, Bệnh viện Nh&acirc;n d&acirc;n 115, Bệnh viện Nhi đồng 1 (2019 - 2022)</li>\r\n	<li>B&aacute;c sĩ điều trị, khoa Tai mũi họng, Bệnh viện Thống Nhất (2016 - 2022)</li>\r\n	<li>Học Cao học tại Bệnh viện Tai mũi họng v&agrave; khoa Tai mũi họng của Bệnh viện Nh&acirc;n d&acirc;n Gia Định, Bệnh viện Trưng Vương, Bệnh viện Thống Nhất, Bệnh viện Nh&acirc;n d&acirc;n 115, Bệnh viện Nhi đồng 1 (2013 - 2015)</li>\r\n</ul>\r\n\r\n<p><strong>Qu&aacute; tr&igrave;nh đ&agrave;o tạo</strong></p>\r\n\r\n<ul>\r\n	<li>B&aacute;c sĩ Chuy&ecirc;n khoa II Chuy&ecirc;n ng&agrave;nh Tai mũi họng, Đại học Y khoa Phạm Ngọc Thạch (2022)</li>\r\n	<li>Thạc sĩ - B&aacute;c sĩ Chuy&ecirc;n ng&agrave;nh Tai mũi họng, Đại học Y khoa Phạm Ngọc Thạch (2015)</li>\r\n	<li>B&aacute;c sĩ Đa khoa, Đại học Y Dược TP. HCM (2011)</li>\r\n</ul>\r\n\r\n<p><strong>Chứng chỉ trong v&agrave; ngo&agrave;i nước</strong></p>\r\n\r\n<ul>\r\n	<li>Chứng chỉ th&iacute;nh học cơ bản, Đại học Y dược TP. HCM (2016)</li>\r\n	<li>Chứng chỉ Nội soi chẩn đo&aacute;n v&agrave; phẫu thuật nội soi cơ bản Tai mũi họng, Đại học Y dược TP. HCM (2014)</li>\r\n</ul>\r\n', 4, '141704-le-nhat-vinh.jpg', 250000),
(55, 'Bác sĩ Chuyên khoa II Nguyễn Thị Thanh Bình', '0986542946', '', '1992-08-09', 'Nữ', 33, '<p><strong>B&aacute;c sĩ Chuy&ecirc;n khoa II Nguyễn Thị Thanh B&igrave;nh</strong></p>\r\n\r\n<ul>\r\n	<li>15 năm kinh nghiệm trong lĩnh vực Thần Kinh</li>\r\n	<li>B&aacute;c sĩ khoa Thần kinh v&agrave; Bệnh Alzheimer</li>\r\n	<li>Giảng vi&ecirc;n ki&ecirc;m nhiệm Bộ m&ocirc;n Thần kinh, Trường Đại học Y H&agrave; Nội</li>\r\n	<li>B&aacute;c sĩ nhận kh&aacute;m bệnh nh&acirc;n từ 18 tuổi trở l&ecirc;n</li>\r\n</ul>\r\n\r\n<p><strong>Kh&aacute;m v&agrave; điều trị</strong></p>\r\n\r\n<ul>\r\n	<li>Parkinson:&nbsp;Run, cứng, giảm vận động, rối loạn tư thế</li>\r\n	<li>Sa s&uacute;t tr&iacute; tuệ:&nbsp;Giảm tr&iacute; nhớ, kh&oacute; diễn đạt, kh&oacute; tập trung, hoang tưởng, loạn thần</li>\r\n	<li>Tai biến mạch m&aacute;u n&atilde;o:&nbsp;L&uacute; lẫn, liệt nửa người, đau đầu</li>\r\n	<li>Đau đầu</li>\r\n	<li>Động kinh:&nbsp;Co giật to&agrave;n thể/ cục bộ</li>\r\n	<li>Bệnh rễ v&agrave; d&acirc;y thần kinh cấp/ mạn t&iacute;nh:&nbsp;T&ecirc; b&igrave; tay ch&acirc;n, teo cơ, liệt vận động</li>\r\n	<li>Nhược cơ:&nbsp;Yếu cơ về chiều</li>\r\n	<li>Rối loạn tiền đ&igrave;nh:&nbsp;Ch&oacute;ng mặt, &ugrave; tai</li>\r\n	<li>Một số bệnh nhiễm tr&ugrave;ng thần kinh (vi&ecirc;m m&agrave;ng n&atilde;o, vi&ecirc;m n&atilde;o&hellip;):&nbsp;Đau đầu, sốt, n&ocirc;n, l&uacute; lẫn</li>\r\n	<li>Liệt d&acirc;y thần kinh số VII ngoại bi&ecirc;n, đau d&acirc;y thần kinh số V</li>\r\n</ul>\r\n\r\n<p><strong>Qu&aacute; tr&igrave;nh c&ocirc;ng t&aacute;c</strong></p>\r\n\r\n<ul>\r\n	<li>B&aacute;c sĩ khoa Thần kinh v&agrave; Bệnh Alzheimer, Bệnh viện L&atilde;o khoa Trung ương (2015 - 2019)</li>\r\n	<li>Giảng vi&ecirc;n ki&ecirc;m nhiệm Bộ m&ocirc;n Thần kinh,&nbsp;Trường Đại học Y H&agrave; Nội (2019 - 2022)</li>\r\n	<li>B&aacute;c sĩ khoa T&acirc;m Thần kinh, Bệnh viện L&atilde;o khoa Trung ương (2007 - 2015)</li>\r\n</ul>\r\n\r\n<p><strong>Qu&aacute; tr&igrave;nh đ&agrave;o tạo</strong></p>\r\n\r\n<ul>\r\n	<li>B&aacute;c sĩ Chuy&ecirc;n khoa II Chuy&ecirc;n khoa Thần kinh,&nbsp;Trường Đại học Y H&agrave; Nội (2017 - 2019)</li>\r\n	<li>Cao học Chuy&ecirc;n khoa Thần kinh,&nbsp;Trường Đại học Y H&agrave; Nội (2010 - 2012)</li>\r\n	<li>B&aacute;c sĩ Đa khoa, Trường Đại học Y H&agrave; Nội (2001 - 2007)</li>\r\n</ul>\r\n', 4, '154738-bs-nguyen-thi-thanh-binh.jpg', 200000),
(56, 'Bác sĩ Chuyên khoa I Võ Thị Ngọc Thu', '0964893288', '', '1976-11-15', 'Nữ', 33, '<p><strong>B&aacute;c sĩ Chuy&ecirc;n khoa I V&otilde; Thị Ngọc Thu</strong></p>\r\n\r\n<ul>\r\n	<li>Hơn 30 năm kinh nghiệm trong kh&aacute;m v&agrave; điều trị Nội khoa, Nội thần kinh</li>\r\n	<li>Từng c&ocirc;ng t&aacute;c tại nhiều bệnh viện lớn: Bệnh viện Phục hồi chức năng &ndash; Điều trị bệnh nghề nghiệp, Bệnh viện An B&igrave;nh, Bệnh viện Nguyễn Tr&atilde;i</li>\r\n	<li>B&aacute;c sĩ nhận kh&aacute;m mọi độ tuổi</li>\r\n</ul>\r\n\r\n<p><strong>Kh&aacute;m v&agrave; điều trị</strong></p>\r\n\r\n<ul>\r\n	<li>Chẩn đo&aacute;n v&agrave; điều trị c&aacute;c bệnh l&yacute; Nội khoa thường gặp: Tăng huyết &aacute;p, đ&aacute;i th&aacute;o đường, tim mạch, h&ocirc; hấp,&hellip;</li>\r\n	<li>Chẩn đo&aacute;n v&agrave; điều trị c&aacute;c bệnh thần kinh cấp v&agrave; m&atilde;n: Đột quỵ, tai biến mạch m&aacute;u n&atilde;o, động kinh, bệnh d&acirc;y thần kinh (do vi&ecirc;m hoặc do ch&egrave;n &eacute;p,&hellip;)</li>\r\n	<li>Kỹ năng thăm d&ograve; chức năng: điện n&atilde;o v&agrave; điện cơ</li>\r\n</ul>\r\n\r\n<p><strong>Qu&aacute; tr&igrave;nh c&ocirc;ng t&aacute;c</strong></p>\r\n\r\n<ul>\r\n	<li>B&aacute;c sĩ &ndash; Bệnh viện Đa khoa Quốc tế Nam S&agrave;i G&ograve;n (2019 - 2022)</li>\r\n	<li>B&aacute;c sĩ Nội Thần kinh &ndash; Bệnh viện Phục hồi chức năng &ndash; Điều trị bệnh nghề nghiệp (2018 - 2019)</li>\r\n	<li>B&aacute;c sĩ Nội Thần kinh &ndash; Bệnh viện Nguyễn Tr&atilde;i (2012 - 2018)</li>\r\n	<li>B&aacute;c sĩ&nbsp;Nội Thần kinh &ndash; Bệnh viện An B&igrave;nh (2006 - 2011)</li>\r\n	<li>B&aacute;c sĩ Nội Thần kinh &ndash; Bệnh viện Phục hồi chức năng &ndash; Điều trị bệnh nghề nghiệp (1995 - 2005)</li>\r\n	<li>Ph&oacute; trạm, Trạm y tế Phường 01, Quận 08 (1992)</li>\r\n</ul>\r\n\r\n<p><strong>Qu&aacute; tr&igrave;nh đ&agrave;o tạo</strong></p>\r\n\r\n<ul>\r\n	<li>Đ&agrave;o tạo Điều trị v&agrave; dự ph&ograve;ng Tai biến mạch m&aacute;u n&atilde;o (2022)</li>\r\n	<li>Đ&agrave;o tạo điện cơ tại Đại học Y Khoa Phạm Ngọc Thạch (2006)</li>\r\n	<li>Đ&agrave;o tạo điện n&atilde;o tại Bệnh viện Chợ Rẫy (2005)</li>\r\n	<li>Tốt nghiệp B&aacute;c sĩ Chuy&ecirc;n khoa I Nội Thần kinh (1999)</li>\r\n	<li>Tốt nghiệp B&aacute;c sĩ Đa khoa (1992)</li>\r\n</ul>\r\n', 5, 'vo-thi-ngoc-thu.jpg', 230000),
(57, 'TS. BS Phan Thanh Hiếu', '0984862395', '', '1975-04-20', 'Nam', 33, '<p><strong>TS. BS Phan Thanh Hiếu</strong></p>\r\n\r\n<ul>\r\n	<li>B&aacute;c sĩ c&oacute; nhiều năm kinh nghiệm kh&aacute;m v&agrave; điều trị chuy&ecirc;n khoa Thần Kinh</li>\r\n	<li>B&aacute;c sĩ từng c&ocirc;ng t&aacute;c tại Ph&ograve;ng kh&aacute;m DHA</li>\r\n	<li>B&aacute;c sĩ nhận kh&aacute;m từ 18 tuổi trở l&ecirc;n</li>\r\n</ul>\r\n\r\n<p><strong>Nhận kh&aacute;m v&agrave; điều trị</strong></p>\r\n\r\n<ul>\r\n	<li>Đau đầu do căng thẳng&nbsp;</li>\r\n	<li>Đau nửa đầu&nbsp;</li>\r\n	<li>Đau đầu mạn t&iacute;nh&nbsp;</li>\r\n	<li>Đau cổ g&aacute;y</li>\r\n	<li>Đau cột sống: Đau d&acirc;y chằng, tho&aacute;t vị đĩa đệm, tho&aacute;i h&oacute;a cột sống...</li>\r\n	<li>Dau cơ xương khớp</li>\r\n	<li>Di chứng đột quỹ n&atilde;o</li>\r\n	<li>T&ecirc; b&igrave; tay, ch&acirc;n</li>\r\n	<li>Yếu mọi cơ</li>\r\n	<li>Đau mỏi th&acirc;n m&igrave;nh&nbsp;</li>\r\n	<li>Đau t&acirc;m l&yacute;</li>\r\n	<li>Hoa mắt, ch&oacute;ng mặt, mất thăng bằng&nbsp;</li>\r\n	<li>Rối lọan tuần ho&agrave;n n&atilde;o</li>\r\n	<li>Buồn bực, ch&aacute;n nản ti&ecirc;u cực</li>\r\n	<li>T&acirc;m trạng bất an</li>\r\n	<li>Lo &acirc;u, sợ h&atilde;i (stress)</li>\r\n	<li>Mất ngủ k&eacute;o d&agrave;i&nbsp;</li>\r\n	<li>Sa s&uacute;t tr&iacute; tuệ</li>\r\n	<li>Giảm tr&iacute; nhớ&nbsp;</li>\r\n	<li>Động kinh</li>\r\n	<li>T&acirc;m căn suy nhược</li>\r\n</ul>\r\n\r\n<p><strong>Qu&aacute; tr&igrave;nh c&ocirc;ng t&aacute;c</strong></p>\r\n\r\n<ul>\r\n	<li>Tham gia kh&aacute;m chữa bệnh tại Bệnh viện Đa khoa Hồng Đức, Bệnh viện Ho&agrave;n Mỹ Vạn Ph&uacute;c, Ph&ograve;ng kh&aacute;m Đa khoa DHA Healthcare TP.HCM (2017 - 2023)</li>\r\n	<li>C&ocirc;ng t&aacute;c tại ng&agrave;nh Y tế tỉnh Lạng Sơn (1987 - 2006)</li>\r\n	<li>B&aacute;c sĩ Qu&acirc;n Y Qu&acirc;n khu I - Bộ Quốc Ph&ograve;ng (1983 - 1986)</li>\r\n</ul>\r\n\r\n<p><strong>Qu&aacute; tr&igrave;nh đ&agrave;o tạo</strong></p>\r\n\r\n<ul>\r\n	<li>Tu nghiệp tại Bệnh viện Qu&acirc;n y 103 - Bộ Quốc Ph&ograve;ng&nbsp; (2007 - 2006)</li>\r\n	<li>Tiến sĩ - B&aacute;c sĩ Chuy&ecirc;n ng&agrave;nh Nội Thần kinh</li>\r\n</ul>\r\n', 5, '094530-ts-phan-thanh-hieu.jpg', 300000),
(58, 'Bác sĩ Chuyên khoa I Nguyễn Quốc Giang', '0968406639', '', '1977-08-09', 'Nam', 33, '<p><strong>B&aacute;c sĩ Chuy&ecirc;n khoa I Nguyễn Quốc Giang</strong></p>\r\n\r\n<ul>\r\n	<li>Gần 15 năm kinh nghiệm về lĩnh vực Ngoại thần kinh - Cột sống - Sọ n&atilde;o</li>\r\n	<li>Từng c&ocirc;ng t&aacute;c tại Khoa Ngoại Thần kinh, Bệnh viện Nh&acirc;n d&acirc;n Gia Định</li>\r\n	<li>B&aacute;c sĩ nhận kh&aacute;m mọi độ tuổi</li>\r\n</ul>\r\n\r\n<p><strong>Kh&aacute;m v&agrave; điều trị</strong></p>\r\n\r\n<ul>\r\n	<li>Phẫu thuật điều trị c&aacute;c bệnh l&yacute; cột sống &ndash; tủy sống: tho&aacute;t vị đĩa đệm cột sống cổ, cột sống lưng; hẹp ống sống cổ, ống sống thắt lưng; u tủy sống, lao cột sống; cordoma; vi&ecirc;m d&iacute;nh khớp dạng thấp cột sống; trượt đốt sống thắt lưng,...</li>\r\n	<li>Tạo h&igrave;nh th&acirc;n sống bằng cement sinh học</li>\r\n	<li>Phẫu thuật c&aacute;c bệnh l&yacute; về n&atilde;o: u n&atilde;o, gi&atilde;n n&atilde;o thất, t&uacute;i ph&igrave;nh mạch m&aacute;u n&atilde;o, dị dạng mạch m&aacute;u n&atilde;o, xuất huyết n&atilde;o, chấn thương sọ n&atilde;o,...</li>\r\n	<li>Phẫu thuật điều trị co giật nửa mặt v&agrave; bệnh đau&nbsp;d&acirc;y&nbsp;thần kinh Tam Thoa (d&acirc;y thần kinh số V)</li>\r\n	<li>Bệnh l&yacute; thần kinh ngoại bi&ecirc;n: hội chứng ống cổ tay,..</li>\r\n</ul>\r\n\r\n<p><strong>Qu&aacute; tr&igrave;nh c&ocirc;ng t&aacute;c</strong></p>\r\n\r\n<ul>\r\n	<li>B&aacute;c sĩ, Khoa Ngoại Thần kinh, Bệnh viện Quốc tế City (06/2023 &ndash; 01/2024)</li>\r\n	<li>B&aacute;c sĩ, Khoa Thần kinh, Bệnh viện Đa khoa L&ecirc; Ngọc T&ugrave;ng, T&acirc;y Ninh (2020 - 2023)</li>\r\n	<li>B&aacute;c sĩ, Khoa Ngoại Thần kinh, Bệnh viện FV, TP. HCM (2019 - 2020)</li>\r\n	<li>B&aacute;c sĩ, Khoa Ngoại Thần kinh, Bệnh viện Nh&acirc;n d&acirc;n Gia Định, TP. HCM (2014 - 2019)</li>\r\n	<li>B&aacute;c sĩ, Khoa Ngoại Thần kinh, Bệnh viện Triều An, TP. HCM (2010 - 2014)&nbsp;</li>\r\n</ul>\r\n\r\n<p><strong>Qu&aacute; tr&igrave;nh đ&agrave;o tạo</strong></p>\r\n\r\n<ul>\r\n	<li>B&aacute;c sĩ Chuy&ecirc;n khoa I Ngoại Thần kinh, Đại học Y Dược TP. HCM (2012 - 2014)</li>\r\n	<li>B&aacute;c sĩ Đa khoa, Đại học Y Dược&nbsp;TP. HCM (2003 - 2009)&nbsp;</li>\r\n</ul>\r\n', 4, '100501-bs-nguyen-quoc-giang.jpg', 200000),
(59, 'Chuyên khoa II Nguyễn Tuấn Minh', '0632860505', 'nguyentuanminh1982@gmail.com', '1982-10-25', 'Nam', 15, '<p><strong>B&aacute;c sĩ&nbsp;Chuy&ecirc;n khoa II&nbsp;Nguyễn Tuấn Minh&nbsp;</strong></p>\r\n\r\n<ul>\r\n	<li>Nguy&ecirc;n Trưởng khoa Sản bệnh &ndash; Bệnh viện Phụ sản H&agrave; Nội.</li>\r\n	<li>Nguy&ecirc;n Trưởng khoa Kế hoạch h&oacute;a gia đ&igrave;nh &ndash; Bệnh viện Phụ sản H&agrave; Nội</li>\r\n	<li>Nguy&ecirc;n Ph&oacute; Trường khoa phụ tr&aacute;ch ph&ograve;ng Đẻ - Bệnh viện Phụ sản H&agrave; Nội</li>\r\n	<li>B&aacute;c sĩ chỉ kh&aacute;m v&agrave; tư vấn thai, kh&ocirc;ng si&ecirc;u &acirc;m thai, kh&ocirc;ng kh&aacute;m phụ khoa</li>\r\n</ul>\r\n\r\n<p><strong>Kh&aacute;m v&agrave; điều trị</strong></p>\r\n\r\n<p><strong>Dịch vụ thai sản&nbsp;</strong></p>\r\n\r\n<ul>\r\n	<li>Kh&aacute;m thai v&agrave; theo d&otilde;i thai kỳ</li>\r\n	<li>Kh&aacute;m s&agrave;ng lọc dị tật thai nhi</li>\r\n	<li>Sàng lọc, ch&acirc;̉n đoán trước sinh, các b&ecirc;̣nh lý di truy&ecirc;̀n</li>\r\n	<li>Hỗ trợ sinh sản</li>\r\n	<li>Tư vấn phẫu thuật sản khoa</li>\r\n</ul>\r\n\r\n<p><strong>Kh&aacute;m &amp; điều trị v&ocirc; sinh hiếm muộn</strong></p>\r\n\r\n<ul>\r\n	<li>Điều trị bệnh đ&agrave;n &ocirc;ng, bệnh x&atilde; hội v&agrave; v&ocirc; sinh nam, nữ</li>\r\n	<li>Khám, tư v&acirc;́n và đi&ecirc;̀u trị v&ocirc; sinh, hi&ecirc;́m mu&ocirc;̣n</li>\r\n</ul>\r\n\r\n<p><strong>Tư v&acirc;́n các bi&ecirc;̣n pháp k&ecirc;́ hoạch hóa gia đình</strong></p>\r\n\r\n<p><strong>Tư vấn, chăm s&oacute;c sức khỏe sinh sản vị th&agrave;nh ni&ecirc;n</strong></p>\r\n\r\n<p><strong>Kh&aacute;m v&agrave; tư vấn sức khỏe tiền h&ocirc;n nh&acirc;n</strong></p>\r\n\r\n<p><strong>Qu&aacute; tr&igrave;nh đ&agrave;o tạo</strong></p>\r\n\r\n<ul>\r\n	<li>Tốt nghiệp B&aacute;c sĩ Chuy&ecirc;n khoa II Chuy&ecirc;n ng&agrave;nh Sản phụ khoa, Đại học Y H&agrave; Nội (2006)</li>\r\n	<li>Tốt nghiệp B&aacute;c sĩ Chuy&ecirc;n khoa I Chuy&ecirc;n ng&agrave;nh Sản phụ khoa, Đại học Y H&agrave; Nội (1990)</li>\r\n	<li>Tốt nghiệp B&aacute;c sĩ Đa khoa, Đại học Y H&agrave; Nội (1981)</li>\r\n</ul>\r\n\r\n<p><strong>Qu&aacute; tr&igrave;nh c&ocirc;ng t&aacute;c</strong></p>\r\n\r\n<ul>\r\n	<li>Trưởng khoa Kế hoạch h&oacute;a gia đ&igrave;nh, Bệnh viện Phụ sản H&agrave; Nội (2001 &ndash; 2017)</li>\r\n	<li>Giảng vi&ecirc;n Chương tr&igrave;nh sức khỏe sinh sản (2006)</li>\r\n	<li>Tham gia lớp đ&agrave;o tạo v&agrave; l&agrave; giảng vi&ecirc;n sức khỏe sinh sản cấp tỉnh của tổ chức Parfaite.</li>\r\n	<li>Ph&oacute; Trường khoa phụ tr&aacute;ch ph&ograve;ng Đẻ, Bệnh viện Phụ sản H&agrave; Nội (1997)</li>\r\n	<li>Trưởng khoa Sản bệnh, Bệnh viện Phụ sản H&agrave; Nội (1996)</li>\r\n	<li>Chuy&ecirc;n gia y tế tại Angieri (1992 &ndash; 1994)</li>\r\n	<li>B&aacute;c sĩ tại Bệnh viện Phụ sản H&agrave; Nội (từ 1985)</li>\r\n</ul>\r\n', 3, 'NgytenMinhTuan.jpg', 150000),
(60, 'Thạc sĩ, Bác sĩ Phạm Thị Quỳnh', '0896130920', 'phamthiquynh1983@gmail.com', '1983-06-15', 'Nữ', 32, '<p><strong>Thạc sĩ, B&aacute;c sĩ Phạm Thị Quỳnh</strong></p>\r\n\r\n<ul>\r\n	<li>Nguy&ecirc;n Trưởng khoa Sản, Bệnh viện E</li>\r\n	<li>Thạc sĩ Chuy&ecirc;n ng&agrave;nh Sản phụ, Đại học Y H&agrave; Nội (2000)</li>\r\n	<li>Tốt nghiệp B&aacute;c sĩ Y khoa tại Li&ecirc;n X&ocirc;</li>\r\n	<li>Nhận kh&aacute;m từ 15 tuổi trở l&ecirc;n</li>\r\n</ul>\r\n\r\n<p><strong>Kh&aacute;m v&agrave; điều trị</strong></p>\r\n\r\n<ul>\r\n	<li>Kh&aacute;m thai v&agrave; theo d&otilde;i thai k&igrave;</li>\r\n	<li>Chẩn đo&aacute;n trước sinh v&agrave; quản l&yacute; thai</li>\r\n	<li>Kh&aacute;m về điều trị c&aacute;c bệnh l&yacute; phụ khoa</li>\r\n	<li>Điều trị lộ tuyến cổ tử cung, cắt polyp</li>\r\n	<li>Soi cổ tử cung, lấy bệnh phẩm x&eacute;t nghiệm</li>\r\n	<li>Tư vấn phẫu thuật sản khoa</li>\r\n	<li>Tư vấn c&aacute;c biện ph&aacute;p kế hoạch h&oacute;a gia đ&igrave;nh</li>\r\n	<li>Tư vấn, chăm s&oacute;c sức khỏe sinh sản vị th&agrave;nh ni&ecirc;n</li>\r\n	<li>Kh&aacute;m v&agrave; tư vấn sức khỏe tiền h&ocirc;n nh&acirc;n</li>\r\n</ul>\r\n\r\n<p><strong>Qu&aacute; tr&igrave;nh đ&agrave;o tạo</strong></p>\r\n\r\n<ul>\r\n	<li>B&aacute;c sĩ Y khoa, Đại học Y Rostov s&ocirc;ng Đ&ocirc;ng - Li&ecirc;n X&ocirc; cũ (1976 - 1982)</li>\r\n	<li>Thạc sĩ Chuy&ecirc;n ng&agrave;nh Sản phụ, Đại học Y H&agrave; Nội (2000)</li>\r\n</ul>\r\n\r\n<p><strong>Qu&aacute; tr&igrave;nh c&ocirc;ng t&aacute;c</strong></p>\r\n\r\n<ul>\r\n	<li>Nguy&ecirc;n Trưởng khoa Sản, Bệnh viện E H&agrave; Nội</li>\r\n</ul>\r\n', 0, 'PhamThiQuynh.jpg', 120000),
(61, 'Bác sĩ Chuyên khoa II Nguyễn Thị Tuyết', ' 0326681855', 'nguyenthituyet1984@gmail.com', '1984-01-17', 'Nữ', 32, '<p><strong>B&aacute;c sĩ Chuy&ecirc;n khoa II Nguyễn Thị Tuyết</strong></p>\r\n\r\n<ul>\r\n	<li>Hơn 30 năm kinh nghiệm về chuy&ecirc;n ng&agrave;nh Sản phụ khoa</li>\r\n	<li>Hiện l&agrave; Ph&oacute; trưởng ph&ograve;ng Kế hoạch tổng hợp, Bệnh viện Phụ sản H&agrave; Nội</li>\r\n</ul>\r\n\r\n<p><strong>Qu&aacute; tr&igrave;nh c&ocirc;ng t&aacute;c</strong></p>\r\n\r\n<ul>\r\n	<li>Ph&oacute; trưởng ph&ograve;ng Kế hoạch tổng hợp, Bệnh viện Phụ sản H&agrave; Nội</li>\r\n	<li>Trưởng khoa Sản, Bệnh viện Phụ sản Th&aacute;i B&igrave;nh</li>\r\n</ul>\r\n\r\n<p><strong>Qu&aacute; tr&igrave;nh đ&agrave;o tạo</strong></p>\r\n\r\n<ul>\r\n	<li>Tốt nghiệp b&aacute;c sĩ chuy&ecirc;n khoa II chuy&ecirc;n ng&agrave;nh Sản phụ khoa tại Đại học Y H&agrave; Nội&nbsp;</li>\r\n</ul>\r\n\r\n<p><strong>Th&agrave;nh vi&ecirc;n c&aacute;c Hội khoa học, tổ chức chuy&ecirc;n m&ocirc;n&nbsp;</strong></p>\r\n\r\n<ul>\r\n	<li>Th&agrave;nh vi&ecirc;n Hội sản phụ khoa Việt Nam</li>\r\n	<li>Th&agrave;nh vi&ecirc;n Hội nội tiết sinh sản v&agrave; v&ocirc; sinh Th&agrave;nh phố Hồ Ch&iacute; Minh&nbsp;</li>\r\n	<li>Th&agrave;nh vi&ecirc;n Hội m&atilde;n kinh Th&agrave;nh phố Hồ Ch&iacute; Minh&nbsp;</li>\r\n</ul>\r\n\r\n<p><strong>Kh&aacute;m v&agrave; điều trị&nbsp;</strong></p>\r\n\r\n<ul>\r\n	<li>Khám và đi&ecirc;̀u trị các b&ecirc;̣nh lý phụ khoa</li>\r\n	<li>Quản l&yacute; theo d&otilde;i thai</li>\r\n	<li>Si&ecirc;u &acirc;m 2D, 5D sản phụ khoa</li>\r\n	<li>Ph&aacute;t hiện bất thường h&igrave;nh th&aacute;i thai</li>\r\n	<li>Kh&aacute;m v&agrave; điều trị v&ocirc; sinh hiếm muộn&nbsp;</li>\r\n	<li>Tư vấn tiền m&atilde;n kinh, m&atilde;n kinh&nbsp;</li>\r\n	<li>Điều trị lộ tuyến cổ tử cung, cắt polip</li>\r\n	<li>Soi cổ tử cung, lấy bệnh phẩm x&eacute;t nghiệm</li>\r\n	<li>Tư v&acirc;́n các bi&ecirc;̣n pháp k&ecirc;́ hoạch hóa gia đình</li>\r\n	<li>Tư vấn, chăm s&oacute;c sức khỏe sinh sản vị th&agrave;nh ni&ecirc;n</li>\r\n</ul>\r\n', 0, 'NguyenThiTuyet.jpg', 200000),
(62, 'Đỗ Thị Mai Hương', '0488980543', 'dothimaihuong1985@gmail.com', '1985-09-16', 'Nữ', 32, '<p><strong>B&aacute;c sĩ Chuy&ecirc;n khoa I Đỗ Thị Mai Hương</strong></p>\r\n\r\n<ul>\r\n	<li>B&aacute;c sĩ Chuy&ecirc;n khoa Sản phụ khoa, Ph&ograve;ng kh&aacute;m 28B Điện Bi&ecirc;n Phủ</li>\r\n	<li>Nguy&ecirc;n Ph&oacute; khoa phụ tr&aacute;ch Nh&agrave; hộ sinh Ba Đ&igrave;nh</li>\r\n</ul>\r\n\r\n<p><strong>Qu&aacute; tr&igrave;nh c&ocirc;ng t&aacute;c</strong></p>\r\n\r\n<ul>\r\n	<li>Nguy&ecirc;n B&aacute;c sĩ ki&ecirc;m Ph&oacute; phụ tr&aacute;ch Nh&agrave; hộ sinh Ba Đ&igrave;nh (1983 - 2011)</li>\r\n</ul>\r\n\r\n<p><strong>Qu&aacute; tr&igrave;nh đ&agrave;o tạo</strong></p>\r\n\r\n<ul>\r\n	<li>Tốt nghiệp B&aacute;c sĩ Đa khoa, Đại học Y H&agrave; Nội (1976 - 1982)</li>\r\n	<li>Tốt nghiệp B&aacute;c sĩ Chuy&ecirc;n khoa I Chuy&ecirc;n ng&agrave;nh Sản phụ khoa, Đại học Y H&agrave; Nội</li>\r\n</ul>\r\n\r\n<p><strong>Kh&aacute;m v&agrave; điều trị&nbsp;</strong></p>\r\n\r\n<p><strong>B&aacute;c sĩ kh&aacute;m v&agrave; điều trị chuy&ecirc;n s&acirc;u về sản phụ khoa:</strong></p>\r\n\r\n<ul>\r\n	<li>Rối loạn kinh nguyệt</li>\r\n	<li>Vi&ecirc;m &acirc;m hộ, &acirc;m đạo</li>\r\n	<li>Vi&ecirc;m cổ tử cung</li>\r\n	<li>Vi&ecirc;m buồng trứng</li>\r\n</ul>\r\n\r\n<p>Theo d&otilde;i thai sản</p>\r\n', 0, 'NguyenThiTuyet.jpg', 180000),
(63, 'Bác sĩ Chuyên khoa II Nguyễn Xuân Chường', '0162198958', 'nguyenxuancuong1989@gmail.com', '1989-08-16', 'Nam', 34, '<p><strong>B&aacute;c sĩ Chuy&ecirc;n khoa II Nguyễn Xu&acirc;n Chường</strong></p>\r\n\r\n<ul>\r\n	<li>Hiện l&agrave; Trưởng khoa chẩn đo&aacute;n h&igrave;nh ảnh, Bệnh viện Phụ sản H&agrave; Nội&nbsp;</li>\r\n	<li>Th&agrave;nh vi&ecirc;n Hội si&ecirc;u &acirc;m Việt Nam</li>\r\n</ul>\r\n\r\n<p><strong>&nbsp;Qu&aacute; tr&igrave;nh c&ocirc;ng t&aacute;c</strong></p>\r\n\r\n<ul>\r\n	<li>Hiện l&agrave; Trưởng khoa chẩn đo&aacute;n h&igrave;nh ảnh, Bệnh viện Phụ sản H&agrave; Nội&nbsp;</li>\r\n</ul>\r\n\r\n<p><strong>&nbsp;Qu&aacute; tr&igrave;nh đ&agrave;o tạo</strong></p>\r\n\r\n<ul>\r\n	<li>Tốt nghiệp chuy&ecirc;n khoa cấp II về chẩn đo&aacute;n h&igrave;nh ảnh tại Học viện Qu&acirc;n Y (năm 2015)&nbsp;</li>\r\n</ul>\r\n\r\n<p><strong>&nbsp;Th&agrave;nh vi&ecirc;n c&aacute;c Hội khoa học, tổ chức chuy&ecirc;n m&ocirc;n</strong></p>\r\n\r\n<ul>\r\n	<li>Th&agrave;nh vi&ecirc;n Hội si&ecirc;u &acirc;m Việt Nam&nbsp;</li>\r\n</ul>\r\n\r\n<p><strong>&nbsp;Kh&aacute;m v&agrave; điều trị&nbsp;</strong></p>\r\n\r\n<ul>\r\n	<li>Si&ecirc;u &acirc;m thai</li>\r\n	<li>Si&ecirc;u &acirc;m tầm so&aacute;t dị tật thai nhi</li>\r\n	<li>Si&ecirc;u &acirc;m sản phụ khoa</li>\r\n	<li>Chẩn đo&aacute;n trước sinh quản l&iacute; thai k&igrave;</li>\r\n	<li>Tư vấn phẫu thuật sản khoa</li>\r\n	<li>Tư vấn c&aacute;c biện ph&aacute;p kế hoạch h&oacute;a gia đ&igrave;nh</li>\r\n	<li>Tư vấn chăm s&oacute;c sức khỏe sinh sản vị th&agrave;nh ni&ecirc;n</li>\r\n	<li>Kh&aacute;m v&agrave; tư vấn sức khỏe tiền h&ocirc;n nh&acirc;n</li>\r\n	<li>Kh&aacute;m tư vấn v&ocirc; sinh hiếm muộn&nbsp;</li>\r\n</ul>\r\n\r\n<p>Tư vấn tiền m&atilde;n kinh, m&atilde;n kinh</p>\r\n', 0, 'NguyenXuanChuong.jpg', 200000),
(64, 'Bác sĩ Chuyên khoa I Nguyễn Thị Phương Thảo', '0273024787', 'nguyenthiphuongthao1984@gmail.com', '1984-03-15', 'Nữ', 34, '<p><strong>B&aacute;c sĩ Chuy&ecirc;n khoa I Nguyễn Thị Phương Thảo</strong></p>\r\n\r\n<ul>\r\n	<li>B&aacute;c sĩ Chẩn đo&aacute;n h&igrave;nh ảnh, Bệnh viện Đa khoa Bảo Sơn</li>\r\n	<li>Hơn 10 năm kinh nghiệm trong chẩn đo&aacute;n h&igrave;nh ảnh, si&ecirc;u &acirc;m thai</li>\r\n</ul>\r\n\r\n<p><strong>Kh&aacute;m v&agrave; điều trị</strong></p>\r\n\r\n<ul>\r\n	<li>Si&ecirc;u &acirc;m thai</li>\r\n	<li>Theo d&otilde;i thai kỳ v&agrave; ph&aacute;t hiện dị tật bẩm sinh</li>\r\n</ul>\r\n\r\n<p><strong>Qu&aacute; tr&igrave;nh c&ocirc;ng t&aacute;c</strong></p>\r\n\r\n<ul>\r\n	<li>B&aacute;c sĩ Chẩn đo&aacute;n h&igrave;nh ảnh, Bệnh viện Đa khoa Bảo Sơn 2 (2018 &ndash; đến nay)</li>\r\n	<li>B&aacute;c sĩ Chẩn đo&aacute;n h&igrave;nh ảnh, Bệnh viện Đồng Hơi &ndash; Quảng B&igrave;nh (2007 - 2018)</li>\r\n</ul>\r\n\r\n<p><strong>Qu&aacute; tr&igrave;nh đ&agrave;o tạo</strong></p>\r\n\r\n<ul>\r\n	<li>Tốt nghiệp B&aacute;c sĩ Chuy&ecirc;n khoa I chuy&ecirc;n ng&agrave;nh Chẩn đo&aacute;n h&igrave;nh ảnh (2015)</li>\r\n	<li>Tốt nghiệp Đại học Qu&acirc;n y (2007)</li>\r\n</ul>\r\n\r\n<p><strong>Chứng chỉ trong nước hoặc nước ngo&agrave;i</strong></p>\r\n\r\n<ul>\r\n	<li>Chứng chỉ định hướng chuy&ecirc;n khoa chuy&ecirc;n ng&agrave;nh Chẩn đo&aacute;n h&igrave;nh ảnh (2008)</li>\r\n</ul>\r\n', 0, 'NMguyenThiPhuongThao.jpg', 140000),
(65, ' Bác sĩ Nguyễn Lê Hoàng', '0307652493', 'nguyenlehoang1990@gmail.com', '1990-10-09', 'Nam', 34, '<p><strong>B&aacute;c sĩ Nguyễn L&ecirc; Ho&agrave;ng</strong></p>\r\n\r\n<p>Gần 10 năm kinh nghiệm trong chẩn đo&aacute;n h&igrave;nh ảnh, si&ecirc;u &acirc;m thai<br />\r\nB&aacute;c sĩ si&ecirc;u &acirc;m tại Ph&ograve;ng kh&aacute;m Sản Phụ khoa 43 Nguyễn Khang</p>\r\n\r\n<p><strong>Qu&aacute; tr&igrave;nh đ&agrave;o tạo:</strong></p>\r\n\r\n<ul>\r\n	<li>Tốt nghiệp B&aacute;c sĩ Đa Khoa&nbsp;Đại Học Y H&agrave; Nội</li>\r\n</ul>\r\n\r\n<ul>\r\n	<li>Tốt nghiệp Chuy&ecirc;n Khoa Chuẩn đo&aacute;n h&igrave;nh ảnh&nbsp;Đại Học Y H&agrave; Nội</li>\r\n</ul>\r\n\r\n<p><strong>Kh&aacute;m v&agrave; điều trị:</strong></p>\r\n\r\n<ul>\r\n	<li>Si&ecirc;u &acirc;m thai</li>\r\n	<li>Theo d&otilde;i thai kỳ v&agrave; ph&aacute;t hiện dị tật bẩm sinh</li>\r\n</ul>\r\n', 0, 'NguyenLeHoang.png', 150000),
(66, 'Thạc sĩ, Bác sĩ Nguyễn Quang Toàn', '0349688200', 'nguyenquangtoan1996@gmail.com', '1987-03-15', 'Nam', 34, '<p><strong>Thạc sĩ, B&aacute;c sĩ Nguyễn Quang To&agrave;n</strong></p>\r\n\r\n<ul>\r\n	<li>Hiện l&agrave; b&aacute;c sĩ tại khoa Chẩn đo&aacute;n h&igrave;nh ảnh - Bệnh viện K</li>\r\n	<li>Đ&atilde; từng tu nghiệp ở: &Uacute;c, H&agrave;n Quốc</li>\r\n	<li>C&oacute; khả năng l&agrave;m tất cả c&aacute;c thủ thuật về chẩn đo&aacute;n h&igrave;nh ảnh</li>\r\n</ul>\r\n\r\n<p><strong>Kh&aacute;m v&agrave; điều trị&nbsp;</strong></p>\r\n\r\n<p><strong>C&oacute; khả năng l&agrave;m tất cả c&aacute;c thử thuật về chẩn đo&aacute;n h&igrave;nh ảnh:</strong></p>\r\n\r\n<ul>\r\n	<li>Si&ecirc;u &acirc;m tuyến gi&aacute;p, hạch, v&uacute;, ổ bụng, phụ khoa</li>\r\n	<li>Chọc tế b&agrave;o c&aacute;c khối u dưới si&ecirc;u &acirc;m: tuyến gi&aacute;p, tuyến v&uacute;, hạch cổ, hạch n&aacute;ch, hạch bẹn ,..</li>\r\n	<li>Đặc biệt l&agrave; c&aacute;c thủ thuật: Chọc rửa &aacute;p xe v&uacute; sau sinh</li>\r\n	<li>Đọc kết quả Chụp cộng hưởng từ MRI, CT, PET CT, xạ h&igrave;nh xương, tuyến gi&aacute;p</li>\r\n</ul>\r\n\r\n<p><strong>Qu&aacute; tr&igrave;nh c&ocirc;ng t&aacute;c&nbsp;</strong></p>\r\n\r\n<ul>\r\n	<li>Hiện l&agrave;m tại&nbsp;Trung t&acirc;m chẩn đo&aacute;n h&igrave;nh ảnh - bệnh viện K</li>\r\n</ul>\r\n\r\n<p><strong>Qu&aacute; tr&igrave;nh đ&agrave;o tạo&nbsp;</strong></p>\r\n\r\n<ul>\r\n	<li>Tu nghiệp H&agrave;n Quốc, Đại học Seoul National University (2019)</li>\r\n	<li>Tốt nghiệp thạc sĩ chẩn đo&aacute;n h&igrave;nh ảnh tại trường đại học y khoa H&agrave; Nội (2018)</li>\r\n	<li>Tu nghiệp Australia, Bệnh Viện Royal North Shore (2017)</li>\r\n	<li>Tốt nghiệp Đại Học Y Khoa H&agrave; Nội (2011)</li>\r\n</ul>\r\n\r\n<p><strong>B&agrave;i b&aacute;o v&agrave; c&ocirc;ng tr&igrave;nh nghi&ecirc;n cứu</strong></p>\r\n\r\n<ul>\r\n	<li>C&oacute; nhiều b&agrave;i b&aacute;o tr&ecirc;n c&aacute;c tạp ch&iacute; y học thực h&agrave;nh v&agrave; chuy&ecirc;n ngh&agrave;nh ung thư</li>\r\n</ul>\r\n', 0, 'NguyenQuangToan.jpg', 160000),
(67, 'Tiến sĩ, Bác sĩ Phạm Chí Lăng', '', '', '1989-12-04', 'Nam', 36, '<h2><strong>Tiến sĩ, B&aacute;c sĩ Phạm Ch&iacute; Lăng</strong></h2>\r\n\r\n<ul>\r\n	<li>Hơn 30 năm kinh nghiệm trong lĩnh vực Cơ xương khớp - Chấn thương chỉnh h&igrave;nh</li>\r\n	<li>Từng c&ocirc;ng t&aacute;c tại c&aacute;c bệnh viện lớn như: Bệnh viện Chợ Rẫy, Bệnh viện Chấn thương chỉnh h&igrave;nh TP.HCM, Bệnh viện Ph&aacute;p Việt (FV)</li>\r\n	<li>Giảng vi&ecirc;n tại nhiều trường đại học y khoa nổi tiếng như: Đại học Y Dược TP.HCM, Đại học Y Phạm Ngọc Thạch, khoa Y trường Đại học Quốc Gia TP.HCM,...</li>\r\n</ul>\r\n\r\n<p><strong>Qu&aacute; tr&igrave;nh c&ocirc;ng t&aacute;c</strong></p>\r\n\r\n<ul>\r\n	<li>Hiện l&agrave;&nbsp;Trưởng khoa Chấn thương chỉnh h&igrave;nh, Bệnh viện Quốc tế City (2013 - nay)</li>\r\n	<li>Giảng vi&ecirc;n bộ m&ocirc;n Chấn thương chỉnh h&igrave;nh, Đại học Y khoa Phạm Ngọc Thạch, Giảng vi&ecirc;n bộ m&ocirc;n Ngoại &ndash; Khoa Y, Đại học Quốc gia TP.HCM (2013 - nay)</li>\r\n	<li>B&aacute;c sĩ phẫu thuật Chấn thương chỉnh h&igrave;nh, Bệnh viện Ph&aacute;p Việt (FV) (2002 - 2013)</li>\r\n	<li>B&aacute;c sĩ điều trị khoa Chi dưới, Bệnh viện Chấn thương chỉnh h&igrave;nh TP.HCM (1993 - 2002)</li>\r\n	<li>B&aacute;c sĩ điều trị khoa Chấn thương chỉnh h&igrave;nh, Bệnh viện Chợ Rẫy (1986 - 1993)</li>\r\n</ul>\r\n\r\n<p><strong>Qu&aacute; tr&igrave;nh đ&agrave;o tạo</strong></p>\r\n\r\n<ul>\r\n	<li>Tốt nghiệp B&aacute;c sĩ tại Đại học Y dược TPHCM (1986)</li>\r\n	<li>Tốt nghiệp Thạc sĩ chuy&ecirc;n ng&agrave;nh Chấn thương chỉnh h&igrave;nh, Đại học Y Dược TP.HCM (2002)</li>\r\n	<li>Tốt nghiệp Tiến sĩ chuy&ecirc;n ng&agrave;nh Chấn thương chỉnh h&igrave;nh Đại học Y Dược TP.HCM (2011)</li>\r\n	<li>Tốt nghiệp lớp&nbsp;đ&agrave;o tạo nội tr&uacute; chuy&ecirc;n khoa Chấn thương chỉnh h&igrave;nh tại trường Đại học Y khoa Bordeaux 2, Ph&aacute;p (1995)</li>\r\n	<li>B&aacute;c sĩ nội tr&uacute; khoa Chấn thương chỉnh h&igrave;nh Bệnh viện DAX, Bordeaux, Ph&aacute;p (1995)</li>\r\n</ul>\r\n\r\n<p><strong>Kh&aacute;m v&agrave; điều trị</strong></p>\r\n\r\n<ul>\r\n	<li>Chấn thương khớp gối, vai, cột sống (trong tai nạn sinh hoạt, chấn thương thể thao)</li>\r\n	<li>Đứt d&acirc;y chằng gối, dẹp r&aacute;ch sụn gối - trật khớp vai</li>\r\n	<li>Chấn thương đứt d&acirc;y chằng khớp gối</li>\r\n	<li>Chấn thương r&aacute;ch đứt d&acirc;y chằng cổ ch&acirc;n</li>\r\n	<li>Chấn thương r&aacute;ch lật khớp vai</li>\r\n	<li>Chấn thương r&aacute;ch g&acirc;n khớp vai</li>\r\n	<li>Tho&aacute;i h&oacute;a khớp gối, cột sống cổ &hellip;</li>\r\n	<li>C&aacute;c bệnh l&yacute; đặc biệt trong thể thao</li>\r\n	<li>Bệnh tho&aacute;i h&oacute;a cột sống cổ tay đĩa đệm</li>\r\n	<li>Bệnh l&yacute; khớp gối</li>\r\n	<li>Hội chứng Tennis Elbow (vi&ecirc;m lồi cầu ngo&agrave;i xương c&aacute;nh tay l&agrave; chấn thương thường gặp ở người chơi tennis)</li>\r\n	<li>Gai g&oacute;t ch&acirc;n</li>\r\n	<li>Bệnh l&yacute; gối lệch trục xương ( vẹo trong , vẹo ngo&agrave;i )</li>\r\n	<li>Tho&aacute;i h&oacute;a khớp h&aacute;ng</li>\r\n	<li>Vi&ecirc;m họng mạn: h&ocirc; họng, cay họng, hay đằng hắng</li>\r\n	<li>Vi&ecirc;m mũi xoang mạn Chảy dịch từ mũi xuống họng, ngạt mũi k&eacute;o d&agrave;i, mất ngửi&hellip;.</li>\r\n	<li>Vi&ecirc;m mũi xoang dị ứng</li>\r\n	<li>Vi&ecirc;m thanh quản mạn</li>\r\n	<li>...</li>\r\n</ul>\r\n', 0, 'PhamChiLang.jpg', 140000),
(68, 'Bác sĩ Chuyên khoa II Kim Văn Trung', '2343245234', '', '1982-03-19', 'Nam', 36, '<h2><strong>B&aacute;c sĩ Chuy&ecirc;n khoa II Kim Văn Trung</strong></h2>\r\n\r\n<ul>\r\n	<li>Hơn 30 năm kinh nghiệm trong lĩnh vực Nội Tổng qu&aacute;t - L&atilde;o khoa - Cơ xương khớp</li>\r\n	<li>Nguy&ecirc;n Trưởng ph&ograve;ng Kế hoạch tổng hợp - Bệnh viện Nguyễn Tri Phương</li>\r\n	<li>Nguy&ecirc;n Ph&oacute; Trưởng khoa Nội Khớp&nbsp;- Bệnh viện Nguyễn Tri Phương</li>\r\n	<li>Nguy&ecirc;n Trưởng đơn vị Nội Xương Khớp - Bệnh viện Xuy&ecirc;n &Aacute;</li>\r\n	<li>B&aacute;c sĩ kh&aacute;m cho người bệnh từ 16 tuổi trở l&ecirc;n</li>\r\n</ul>\r\n\r\n<h2><strong>Kh&aacute;m v&agrave; điều trị</strong></h2>\r\n\r\n<p>B&aacute;c sĩ nhận kh&aacute;m v&agrave; điều trị c&aacute;c bệnh l&yacute; về Nội Tổng qu&aacute;t - L&atilde;o khoa - Cơ xương khớp:</p>\r\n\r\n<ul>\r\n	<li>Bệnh l&yacute; cơ xương khớp: lo&atilde;ng xương, tho&aacute;i h&oacute;a khớp, tho&aacute;t vị đĩa đệm,...</li>\r\n	<li>Bệnh l&yacute; nội l&atilde;o khoa:&nbsp;Đ&aacute;i th&aacute;o đường, tăng huyết &aacute;p, rối loạn chuyển h&oacute;a lipid,...</li>\r\n	<li>C&aacute;c bệnh l&yacute; Nội khoa</li>\r\n</ul>\r\n\r\n<h3><strong>Qu&aacute; tr&igrave;nh c&ocirc;ng t&aacute;c</strong></h3>\r\n\r\n<ul>\r\n	<li>B&aacute;c sĩ Nội Cơ Xương Khớp - Bệnh viện Gia An 115 (07/2020 - nay)</li>\r\n	<li>Trưởng đơn vị Nội Xương Khớp - Bệnh viện Xuy&ecirc;n &Aacute; (2017 - 07/2020)</li>\r\n	<li>Ph&oacute; Trưởng khoa Nội Khớp - Bệnh viện Nguyễn Tri Phương (2014 - 2017)</li>\r\n	<li>Trưởng ph&ograve;ng Kế hoạch tổng hợp - Bệnh viện Nguyễn Tri Phương (2012 - 2014)</li>\r\n	<li>B&aacute;c sĩ kh&aacute;m v&agrave; điều trị Nội khoa - Bệnh viện Nguyễn Trị Phương (1992 - 2012)</li>\r\n</ul>\r\n\r\n<h3><strong>Qu&aacute; tr&igrave;nh đ&agrave;o tạo</strong></h3>\r\n\r\n<ul>\r\n	<li>B&aacute;c sĩ Chuy&ecirc;n khoa II chuy&ecirc;n ng&agrave;nh L&atilde;o khoa - Trường Đại học Y Dược TP. HCM (2009 - 2011)</li>\r\n	<li>B&aacute;c sĩ Chuy&ecirc;n khoa I L&atilde;o khoa - Trường Đại học Y Dược TP. HCM</li>\r\n	<li>B&aacute;c sĩ Đa khoa - Trường Đại học Y Dược TP. HCM (1986 - 1992)</li>\r\n</ul>\r\n\r\n<h3><strong>Chứng chỉ trong nước hoặc nước ngo&agrave;i</strong></h3>\r\n\r\n<ul>\r\n	<li>Phương ph&aacute;p đo mật độ lo&atilde;ng xương - Hội Lo&atilde;ng xương H&agrave; Nội (2019)</li>\r\n	<li>Lo&atilde;ng xương - Hội Lo&atilde;ng xương H&agrave; Nội (2019)</li>\r\n	<li>Thấp khớp học - Hội thấp khớp học Việt Nam (2017)</li>\r\n	<li>Kỹ thuật ti&ecirc;m nội khớp v&agrave; m&ocirc; mềm - Trường Đại học Y Dược TP. HCM (2016)</li>\r\n</ul>\r\n', 0, 'KimVanTrung.jpg', 180000),
(69, 'Tiến sĩ, Bác sĩ chuyên khoa II Lê Quốc Việt', '033233016001', '', '1979-02-24', 'Nam', 36, '<h2><strong>Tiến sĩ, B&aacute;c sĩ chuy&ecirc;n khoa II L&ecirc; Quốc Việt</strong></h2>\r\n\r\n<ul>\r\n	<li>Hơn 30 năm kinh nghiệm kh&aacute;m v&agrave; điều trị c&aacute;c bệnh nội cơ xương khớp v&agrave; 40 năm kinh nghiệm kh&aacute;m Nội tổng qu&aacute;t</li>\r\n	<li>Gi&aacute;m đốc Ph&ograve;ng kh&aacute;m Tổ hợp Y tế Mediplus</li>\r\n	<li>Nguy&ecirc;n Ph&oacute; Gi&aacute;m đốc Bệnh viện E</li>\r\n	<li>B&aacute;c sĩ nhận kh&aacute;m bệnh nh&acirc;n từ 16 tuổi trở l&ecirc;n&nbsp;</li>\r\n</ul>\r\n\r\n<h2><strong>Kh&aacute;m v&agrave; điều trị</strong></h2>\r\n\r\n<ul>\r\n	<li>Tho&aacute;i h&oacute;a đa khớp ( cột sống thắt lưng, cột sống cổ, khớp gối, khớp h&aacute;ng..)</li>\r\n	<li>Lo&atilde;ng xương</li>\r\n	<li>Vi&ecirc;m khớp dạng thấp</li>\r\n	<li>Đau thần kinh tọa</li>\r\n	<li>Gout</li>\r\n	<li>Thực hiện ti&ecirc;m khớp, ti&ecirc;m ngo&agrave;i m&agrave;ng cứng, h&uacute;t dịch khớp, ti&ecirc;m huyết tương gi&agrave;u tiểu cầu</li>\r\n	<li>Kh&aacute;m g&oacute;i kh&aacute;m chuy&ecirc;n khoa Nội tổng qu&aacute;t cho c&aacute; nh&acirc;n</li>\r\n</ul>\r\n\r\n<h3><strong>Qu&aacute; tr&igrave;nh c&ocirc;ng t&aacute;c</strong></h3>\r\n\r\n<ul>\r\n	<li>Gi&aacute;m đốc Ph&ograve;ng kh&aacute;m, Tổ hợp y tế Mediplus (2020 - nay)</li>\r\n	<li>Tiến sĩ Nội xương khớp, Bệnh viện E (2017 - 2018)</li>\r\n	<li>B&aacute;c sỹ ch&iacute;nh, Bệnh viện E&nbsp;(2016 - 2017)</li>\r\n	<li>Gi&aacute;m đốc Trung t&acirc;m Cơ Xương khớp, Bệnh viện E&nbsp;(2010 - 2016)</li>\r\n	<li>Ph&oacute; gi&aacute;m đốc bệnh viện, Bệnh viện E&nbsp;(2008 - 2010)</li>\r\n	<li>Trưởng ph&ograve;ng Tổ chức c&aacute;n bộ, Bệnh viện E&nbsp;(2007 - 2008)</li>\r\n	<li>Ph&oacute; ph&ograve;ng Tổ chức c&aacute;n bộ, Bệnh viện E (2004 - 2007)</li>\r\n	<li>Ph&oacute; trưởng khoa Cơ Xương khớp, Bệnh viện E (1997 - 1999)</li>\r\n	<li>Ph&oacute; trưởng ph&ograve;ng Kế hoach tổng hợp-B&aacute;c sĩ tim mach, Bệnh viện E (1994 - 1997)</li>\r\n	<li>B&aacute;c sĩ nội khoa truyền nhiễm, Bệnh viện E (1986 - 1994)</li>\r\n</ul>\r\n\r\n<h3><strong>Qu&aacute; tr&igrave;nh đ&agrave;o tạo</strong></h3>\r\n\r\n<ul>\r\n	<li>Tiến sĩ Nội xương khớp, Bệnh viện E (2018)</li>\r\n	<li>B&aacute;c sĩ Chuy&ecirc;n khoa II, Học viện Qu&acirc;n Y (2004)</li>\r\n	<li>Tốt nghiệp Đại học Y H&agrave; Nội (1986)</li>\r\n</ul>\r\n\r\n<h3><strong>S&aacute;ch v&agrave; c&aacute;c c&ocirc;ng tr&igrave;nh nghi&ecirc;n cứu, b&aacute;o c&aacute;o khoa học</strong></h3>\r\n\r\n<ul>\r\n	<li>Tr&agrave;n dịch khớp gối (Đề t&agrave;i nguy&ecirc;n cứu Chuy&ecirc;n khoa II v&agrave; Tiến sĩ)</li>\r\n	<li>S&aacute;ch giảng dạy về y tế trong chuy&ecirc;n ng&agrave;nh y tế hay gi&aacute;o dục sức khỏe tại Bệnh viện E</li>\r\n	<li>C&aacute;c b&agrave;i b&aacute;o c&aacute;o về lao khớp, vi&ecirc;m khớp dạng thấp, tho&aacute;i h&oacute;a khớp</li>\r\n</ul>\r\n\r\n<h3><strong>Th&agrave;nh vi&ecirc;n c&aacute;c Hội khoa học, tổ chức chuy&ecirc;n m&ocirc;n</strong></h3>\r\n\r\n<ul>\r\n	<li>Th&agrave;nh vi&ecirc;n Ban chấp h&agrave;nh Hội khớp học Việt Nam</li>\r\n</ul>\r\n', 0, 'LeQuocViet.png', 200000);

-- --------------------------------------------------------

--
-- Cấu trúc bảng cho bảng `khachhang`
--

CREATE TABLE `khachhang` (
  `MaKH` int(11) NOT NULL,
  `TenKH` varchar(30) NOT NULL,
  `sdt` varchar(15) NOT NULL,
  `DiaChi` varchar(100) NOT NULL,
  `email` varchar(40) NOT NULL,
  `NgaySinh` date NOT NULL,
  `GioiTinh` varchar(10) NOT NULL,
  `MatKhauDangNhap` varchar(50) NOT NULL
) ENGINE=InnoDB DEFAULT CHARSET=utf8mb4 COLLATE=utf8mb4_general_ci;

--
-- Đang đổ dữ liệu cho bảng `khachhang`
--

INSERT INTO `khachhang` (`MaKH`, `TenKH`, `sdt`, `DiaChi`, `email`, `NgaySinh`, `GioiTinh`, `MatKhauDangNhap`) VALUES
(43, 'Nguyễn Chí Dũng', '0987654321', 'Hà Nội', 'hothichan02@gmail.com', '2003-02-07', 'Nam', '123456789'),
(44, 'thành', '0123456789', 'Hà Nội', 'an@gmail.com', '2024-05-03', 'Nam', '123'),
(46, 'hothichan', '0943523452345', '', 'thichan@gmail.com', '0000-00-00', '', '123'),
(48, 'Nguyễn Chí Dũng', '03430342134', '', 'sadjhfkgk@gmail.com', '0000-00-00', '', '123123');

-- --------------------------------------------------------

--
-- Cấu trúc bảng cho bảng `khoakham`
--

CREATE TABLE `khoakham` (
  `MaKhoa` int(11) NOT NULL,
  `TenKhoa` varchar(50) NOT NULL,
  `HinhAnh` varchar(100) NOT NULL,
  `GioiThieu` text NOT NULL
) ENGINE=InnoDB DEFAULT CHARSET=utf8mb4 COLLATE=utf8mb4_general_ci;

--
-- Đang đổ dữ liệu cho bảng `khoakham`
--

INSERT INTO `khoakham` (`MaKhoa`, `TenKhoa`, `HinhAnh`, `GioiThieu`) VALUES
(15, 'Tiêu hóa', 'tieu-hoa.png', '<p><strong>Tư vấn, kh&aacute;m v&agrave; điều trị c&aacute;c Bệnh Ti&ecirc;u h&oacute;a</strong></p>\r\n\r\n<ul>\r\n	<li>Ăn uống k&eacute;m, kh&ocirc;ng ngon</li>\r\n	<li>Rối loạn ti&ecirc;u h&oacute;a, táo bón, trĩ</li>\r\n	<li>Nhi&ecirc;̃m vi khuẩn HP (Helicobacter pylori)</li>\r\n	<li>N&ocirc;̣i soi dạ dày, đại tr&agrave;ng, ti&ecirc;u hóa</li>\r\n	<li>Bu&ocirc;̀n n&ocirc;n, chướng bụng, đ&acirc;̀y bụng ợ chua, đ&acirc;̀y hơi</li>\r\n	<li>Co thắt thực quản,&nbsp;H&ocirc;̣i chứng ru&ocirc;̣t kích thích</li>\r\n	<li>Đau bụng,&nbsp;dạ dày, đại tr&agrave;ng, thượng vị</li>\r\n	<li>Vi&ecirc;m đại tràng, dạ dày,&nbsp;tá tràng</li>\r\n	<li>Ung thư dạ dày, U nang tuy&ecirc;́n tụy</li>\r\n	<li>Bệnh l&yacute; về gan, mật</li>\r\n	<li>...</li>\r\n</ul>\r\n'),
(16, 'Tim mạch', 'tim-mach.png', '<p><strong>Kh&aacute;m tư vấn tim mạch</strong></p>\r\n\r\n<ul>\r\n	<li>Khó thở, Đau ngực, đau tim</li>\r\n	<li>Tăng huyết &aacute;p, hạ huyết &aacute;p</li>\r\n	<li>Rối loạn mỡ m&aacute;u, cao huy&ecirc;́t áp, chóng mặt</li>\r\n	<li>Bệnh van tim (Hẹp hở van tim),&nbsp;Hẹp đ&ocirc;̣ng mạch chủ</li>\r\n	<li>Cảm giác h&ocirc;̀i h&ocirc;̣p, tim đ&acirc;̣p nhanh &nbsp; &nbsp;</li>\r\n	<li>Tim bẩm sinh, có ti&ecirc;̀n sử b&ecirc;̣nh tim to,&nbsp;ti&ecirc;̀n sử tai bi&ecirc;́n &nbsp; &nbsp;</li>\r\n	<li>Đ&atilde; đặt stent tim,&nbsp;nong đ&ocirc;̣ng mạch vành</li>\r\n	<li>Giãn tĩnh mạch ch&acirc;n &nbsp; &nbsp;</li>\r\n	<li>...</li>\r\n</ul>\r\n'),
(30, 'Nhi khoa', 'nhi-khoa.png', '<p><strong>Kh&aacute;m v&agrave; điều trị</strong></p>\n\n<ul>\n	<li>B&ecirc;̣nh l&yacute; sơ sinh</li>\n	<li>B&ecirc;̣nh ti&ecirc;u hóa</li>\n	<li>B&ecirc;̣nh tu&acirc;̀n hoàn</li>\n	<li>B&ecirc;̣nh h&ocirc; h&acirc;́p</li>\n	<li>B&ecirc;̣nh huy&ecirc;́t học</li>\n	<li>B&ecirc;̣nh th&acirc;̣n Ti&ecirc;́t ni&ecirc;̣u</li>\n	<li>B&ecirc;̣nh th&acirc;̀n kinh</li>\n	<li>B&ecirc;̣nh ngo&agrave;i da</li>\n	<li>B&ecirc;̣nh xương khớp</li>\n</ul>\n'),
(31, 'Y Cổ Truyền', 'y-hoc-co-truyen.png', '<p><strong>Tư vấn, kh&aacute;m v&agrave; điều trị c&aacute;c vấn đề:</strong></p>\r\n\r\n<ul>\r\n	<li>Bệnh l&yacute; thần kinh: đau đầu, mất ngủ, suy nhược thần kinh...</li>\r\n	<li>Bệnh l&yacute; cơ xương khớp: đau mỏi tay ch&acirc;n, tho&aacute;i h&oacute;a khớp, vi&ecirc;m khớp...</li>\r\n	<li>Bệnh l&yacute; tim mạch: Tăng huyết &aacute;p, huyết &aacute;p thấp, đau thắt ngực...</li>\r\n	<li>Bệnh l&yacute; đường ti&ecirc;u h&oacute;a: đau bụng, rối loạn chức năng ti&ecirc;u h&oacute;a...</li>\r\n</ul>\r\n'),
(32, 'Sản phụ khoa', 'san-phu-khoa.png', '<p><strong>Kh&aacute;m v&agrave; điều trị</strong></p>\r\n\r\n<ul>\r\n	<li>R&ocirc;́i loạn kinh nguy&ecirc;̣t, ch&acirc;̣m kinh, đau bụng kinh&nbsp; &nbsp;</li>\r\n	<li>Tắc hai vòi trứng, Đa nang bu&ocirc;̀ng trứng, Chụp vòi trứng,&nbsp; &nbsp; &nbsp; &nbsp;&nbsp;</li>\r\n	<li>Khám hi&ecirc;́m mu&ocirc;̣n, v&ocirc; sinh &nbsp; &nbsp;</li>\r\n	<li>Khám Phụ Khoa &nbsp;&nbsp;&nbsp;</li>\r\n	<li>Khám thai sản &nbsp;&nbsp;&nbsp;</li>\r\n	<li>Kh&aacute;m tiền h&ocirc;n nh&acirc;n, Ti&ecirc;̀n sinh &nbsp; &nbsp;</li>\r\n	<li>Kiểm tra phụ khoa &nbsp; &nbsp;</li>\r\n	<li>Loạn dưỡng v&uacute; &nbsp;&nbsp;&nbsp;</li>\r\n	<li>Rong kinh kéo dài &nbsp; &nbsp;</li>\r\n	<li>Si&ecirc;u &acirc;m thai định kỳ &nbsp;&nbsp;&nbsp;</li>\r\n	<li>Thai lưu</li>\r\n	<li>U xơ tử cung,&nbsp;Vi&ecirc;m l&ocirc;̣ tuy&ecirc;́n</li>\r\n	<li>...</li>\r\n</ul>\r\n\r\n<p>&nbsp;</p>\r\n'),
(33, 'Thần kinh', 'than-kinh.png', '<h2><strong>Kh&aacute;m bệnh chuy&ecirc;n khoa Thần kinh</strong></h2>\r\n\r\n<ul>\r\n	<li>Bại Não &nbsp;&nbsp;&nbsp;</li>\r\n	<li>Đau đầu, ch&oacute;ng mặt, buồn n&ocirc;n&nbsp; &nbsp;</li>\r\n	<li>B&ecirc;̣nh Pakison, b&ecirc;̣nh ti&ecirc;̀n đình &nbsp; &nbsp;</li>\r\n	<li>Bị co cơ, căng d&acirc;y th&acirc;̀n kinh &nbsp; &nbsp;&nbsp;&nbsp; &nbsp;</li>\r\n	<li>Đ&ocirc;̣ng kinh, có những cơn vãng ý thức &nbsp; &nbsp;</li>\r\n	<li>Bị t&ecirc; bì nửa mặt, chèn d&acirc;y th&acirc;̀n kinh</li>\r\n	<li>Bồn chồn, lo lắng, hồi hộp, ch&acirc;n tay run &nbsp; &nbsp;</li>\r\n	<li>Có d&acirc;́u hi&ecirc;̣u tăng đ&ocirc;̣ng &nbsp; &nbsp;&nbsp;</li>\r\n	<li>Co rút cổ, đau đầu với mặt,&nbsp;ch&acirc;n tay, vã m&ocirc;̀ h&ocirc;i&nbsp; &nbsp;</li>\r\n	<li>Chấn thương đầu, d&acirc;y thần kinh</li>\r\n	<li>...</li>\r\n</ul>\r\n\r\n<p>Ẩn bớt</p>\r\n\r\n<p>To&agrave;n quốc</p>\r\n'),
(34, 'Siêu âm thai', 'sieu-am-thai.png', '<h2><strong>Kh&aacute;m v&agrave; điều trị</strong></h2>\r\n\r\n<p>Dưới đ&acirc;y l&agrave; một số vấn đề thường gặp m&agrave; c&aacute;c b&aacute;c sĩ si&ecirc;u &acirc;m thai thường kh&aacute;m v&agrave; điều trị</p>\r\n\r\n<ul>\r\n	<li>Khám thai sản</li>\r\n	<li>Khám thai l&acirc;̀n đ&acirc;̀u</li>\r\n	<li>Si&ecirc;u &acirc;m thai định kỳ</li>\r\n	<li>Si&ecirc;u &acirc;m thai tu&acirc;̀n thứ 12</li>\r\n	<li>Si&ecirc;u &acirc;m thai tu&acirc;̀n thứ 16</li>\r\n	<li>Si&ecirc;u &acirc;m thai tu&acirc;̀n thứ 18</li>\r\n	<li>Si&ecirc;u &acirc;m thai tu&acirc;̀n thứ 22</li>\r\n</ul>\r\n'),
(35, 'Tai mũi họng', 'tai-mui-hong.png', '<p><strong>C&aacute;c bệnh Tai Mũi Họng</strong></p>\r\n\r\n<ul>\r\n	<li>&Ugrave; tai, đau tai, chảy máu tai</li>\r\n	<li>Thủng m&agrave;ng nhĩ, điếc đột ngột</li>\r\n	<li>Vi&ecirc;m tai giữa</li>\r\n	<li>Amidan, V.A</li>\r\n	<li>Vi&ecirc;m xoang</li>\r\n	<li>Nghẹt mũi</li>\r\n	<li>Hay bị chảy m&aacute;u cam</li>\r\n	<li>Đau c&ocirc;̉ họng, kh&oacute; nuốt</li>\r\n	<li>Ho kéo dài</li>\r\n	<li>Ngủ ngáy</li>\r\n	<li>...</li>\r\n</ul>\r\n'),
(36, 'Cơ Xương Khớp', 'co-xuong-khop.png', '<h2><strong>Bệnh Cơ Xương Khớp</strong></h2>\r\n\r\n<ul>\r\n	<li>Gout</li>\r\n	<li>Tho&aacute;i h&oacute;a khớp: khớp gối, cột sống thắt lưng, cột sống cổ</li>\r\n	<li>Vi&ecirc;m khớp dạng thấp, Vi&ecirc;m đa khớp, Vi&ecirc;m g&acirc;n</li>\r\n	<li>Tr&agrave;n dịch khớp gối, Tr&agrave;n dịch khớp h&aacute;ng, Tr&agrave;n dịch khớp khủy, Tr&agrave;n dịch khớp vai</li>\r\n	<li>Lo&atilde;ng xương, đau nhức xương</li>\r\n	<li>Vi&ecirc;m xương, gai xương</li>\r\n	<li>Vi&ecirc;m cơ, Teo cơ, chứng đau mỏi cơ</li>\r\n	<li>Yếu cơ, Loạn dưỡng cơ</li>\r\n	<li>C&aacute;c chấn thương về cơ, xương, khớp</li>\r\n	<li>...</li>\r\n</ul>\r\n\r\n<p>Ẩn bớt</p>\r\n\r\n<p>To&agrave;n quốc</p>\r\n');

-- --------------------------------------------------------

--
-- Cấu trúc bảng cho bảng `lichkham`
--

CREATE TABLE `lichkham` (
  `MaLichKham` int(11) NOT NULL,
  `ThoiGianDat` datetime NOT NULL DEFAULT current_timestamp(),
  `ThoiGianKham` varchar(11) NOT NULL,
  `NgayKham` date NOT NULL,
  `NoiDungKham` text NOT NULL,
  `GhiChu` text NOT NULL,
  `MaKH` int(11) NOT NULL,
  `MaPhongKham` int(11) NOT NULL,
  `id_TrangThai` int(11) NOT NULL DEFAULT 1,
  `MaBS` int(11) NOT NULL
) ENGINE=InnoDB DEFAULT CHARSET=utf8mb4 COLLATE=utf8mb4_general_ci;

-- --------------------------------------------------------

--
-- Cấu trúc bảng cho bảng `phongkham`
--

CREATE TABLE `phongkham` (
  `MaPhongKham` int(11) NOT NULL,
  `TenPhongKham` varchar(11) NOT NULL,
  `MaKhoa` int(11) NOT NULL
) ENGINE=InnoDB DEFAULT CHARSET=utf8mb4 COLLATE=utf8mb4_general_ci;

--
-- Đang đổ dữ liệu cho bảng `phongkham`
--

INSERT INTO `phongkham` (`MaPhongKham`, `TenPhongKham`, `MaKhoa`) VALUES
(6, 'Phòng 101', 15),
(7, 'Phòng 102', 15),
(8, 'Phòng 103', 15),
(9, 'Phòng 111', 16),
(10, 'Phòng 112', 16),
(11, 'Phòng 121', 30),
(12, 'Phòng 122', 30),
(13, 'Phòng 131', 31),
(14, 'Phòng 132', 31),
(15, 'Phòng 141', 32),
(16, 'Phòng 142', 32),
(17, 'Phòng 151', 33),
(18, 'Phòng 152', 33),
(19, 'Phòng 153', 34),
(20, 'Phòng 154', 35),
(21, 'Phòng 123', 35),
(22, 'Phòng 123', 36),
(23, 'Phòng 124', 36);

-- --------------------------------------------------------

--
-- Cấu trúc bảng cho bảng `soluoc`
--

CREATE TABLE `soluoc` (
  `maSL` int(11) NOT NULL,
  `mota` text NOT NULL
) ENGINE=InnoDB DEFAULT CHARSET=utf8mb4 COLLATE=utf8mb4_general_ci;

-- --------------------------------------------------------

--
-- Cấu trúc bảng cho bảng `taikhoanadmin`
--

CREATE TABLE `taikhoanadmin` (
  `MaTK` int(11) NOT NULL,
  `TenDangNhap` varchar(20) NOT NULL,
  `MatKhau` varchar(20) NOT NULL
) ENGINE=InnoDB DEFAULT CHARSET=utf8mb4 COLLATE=utf8mb4_general_ci;

--
-- Đang đổ dữ liệu cho bảng `taikhoanadmin`
--

INSERT INTO `taikhoanadmin` (`MaTK`, `TenDangNhap`, `MatKhau`) VALUES
(1, 'admin', 'admin');

-- --------------------------------------------------------

--
-- Cấu trúc bảng cho bảng `tintuc`
--

CREATE TABLE `tintuc` (
  `MaTinTuc` int(11) NOT NULL,
  `TieuDe` varchar(150) NOT NULL,
  `HinhAnh` varchar(30) NOT NULL,
  `NoiDung` text NOT NULL,
  `ThoiGianDang` datetime NOT NULL
) ENGINE=InnoDB DEFAULT CHARSET=utf8mb4 COLLATE=utf8mb4_general_ci;

-- --------------------------------------------------------

--
-- Cấu trúc bảng cho bảng `trangthai`
--

CREATE TABLE `trangthai` (
  `id_TrangThai` int(11) NOT NULL,
  `TenTrangThai` varchar(20) NOT NULL
) ENGINE=InnoDB DEFAULT CHARSET=utf8mb4 COLLATE=utf8mb4_general_ci;

--
-- Đang đổ dữ liệu cho bảng `trangthai`
--

INSERT INTO `trangthai` (`id_TrangThai`, `TenTrangThai`) VALUES
(1, 'Chờ xác nhận'),
(2, 'Xác nhận'),
(3, 'Bị hủy');

--
-- Chỉ mục cho các bảng đã đổ
--

--
-- Chỉ mục cho bảng `admin`
--
ALTER TABLE `admin`
  ADD PRIMARY KEY (`id`);

--
-- Chỉ mục cho bảng `bacsi`
--
ALTER TABLE `bacsi`
  ADD PRIMARY KEY (`MaBS`),
  ADD KEY `MaKhoa` (`MaKhoa`);

--
-- Chỉ mục cho bảng `khachhang`
--
ALTER TABLE `khachhang`
  ADD PRIMARY KEY (`MaKH`);

--
-- Chỉ mục cho bảng `khoakham`
--
ALTER TABLE `khoakham`
  ADD PRIMARY KEY (`MaKhoa`);

--
-- Chỉ mục cho bảng `lichkham`
--
ALTER TABLE `lichkham`
  ADD PRIMARY KEY (`MaLichKham`),
  ADD KEY `MaKH` (`MaKH`,`MaPhongKham`),
  ADD KEY `MaPhongKham` (`MaPhongKham`),
  ADD KEY `id_TrangThai` (`id_TrangThai`),
  ADD KEY `MaBS` (`MaBS`);

--
-- Chỉ mục cho bảng `phongkham`
--
ALTER TABLE `phongkham`
  ADD PRIMARY KEY (`MaPhongKham`),
  ADD KEY `MaKhoa` (`MaKhoa`);

--
-- Chỉ mục cho bảng `soluoc`
--
ALTER TABLE `soluoc`
  ADD PRIMARY KEY (`maSL`);

--
-- Chỉ mục cho bảng `taikhoanadmin`
--
ALTER TABLE `taikhoanadmin`
  ADD PRIMARY KEY (`MaTK`);

--
-- Chỉ mục cho bảng `tintuc`
--
ALTER TABLE `tintuc`
  ADD PRIMARY KEY (`MaTinTuc`);

--
-- Chỉ mục cho bảng `trangthai`
--
ALTER TABLE `trangthai`
  ADD PRIMARY KEY (`id_TrangThai`);

--
-- AUTO_INCREMENT cho các bảng đã đổ
--

--
-- AUTO_INCREMENT cho bảng `admin`
--
ALTER TABLE `admin`
  MODIFY `id` int(11) NOT NULL AUTO_INCREMENT;

--
-- AUTO_INCREMENT cho bảng `bacsi`
--
ALTER TABLE `bacsi`
  MODIFY `MaBS` int(11) NOT NULL AUTO_INCREMENT, AUTO_INCREMENT=70;

--
-- AUTO_INCREMENT cho bảng `khachhang`
--
ALTER TABLE `khachhang`
  MODIFY `MaKH` int(11) NOT NULL AUTO_INCREMENT, AUTO_INCREMENT=49;

--
-- AUTO_INCREMENT cho bảng `khoakham`
--
ALTER TABLE `khoakham`
  MODIFY `MaKhoa` int(11) NOT NULL AUTO_INCREMENT, AUTO_INCREMENT=37;

--
-- AUTO_INCREMENT cho bảng `lichkham`
--
ALTER TABLE `lichkham`
  MODIFY `MaLichKham` int(11) NOT NULL AUTO_INCREMENT, AUTO_INCREMENT=214;

--
-- AUTO_INCREMENT cho bảng `phongkham`
--
ALTER TABLE `phongkham`
  MODIFY `MaPhongKham` int(11) NOT NULL AUTO_INCREMENT, AUTO_INCREMENT=24;

--
-- AUTO_INCREMENT cho bảng `soluoc`
--
ALTER TABLE `soluoc`
  MODIFY `maSL` int(11) NOT NULL AUTO_INCREMENT;

--
-- AUTO_INCREMENT cho bảng `taikhoanadmin`
--
ALTER TABLE `taikhoanadmin`
  MODIFY `MaTK` int(11) NOT NULL AUTO_INCREMENT, AUTO_INCREMENT=2;

--
-- AUTO_INCREMENT cho bảng `tintuc`
--
ALTER TABLE `tintuc`
  MODIFY `MaTinTuc` int(11) NOT NULL AUTO_INCREMENT;

--
-- AUTO_INCREMENT cho bảng `trangthai`
--
ALTER TABLE `trangthai`
  MODIFY `id_TrangThai` int(11) NOT NULL AUTO_INCREMENT, AUTO_INCREMENT=4;

--
-- Các ràng buộc cho các bảng đã đổ
--

--
-- Các ràng buộc cho bảng `bacsi`
--
ALTER TABLE `bacsi`
  ADD CONSTRAINT `bacsi_ibfk_1` FOREIGN KEY (`MaKhoa`) REFERENCES `khoakham` (`MaKhoa`);

--
-- Các ràng buộc cho bảng `lichkham`
--
ALTER TABLE `lichkham`
  ADD CONSTRAINT `lichkham_ibfk_1` FOREIGN KEY (`MaKH`) REFERENCES `khachhang` (`MaKH`),
  ADD CONSTRAINT `lichkham_ibfk_2` FOREIGN KEY (`MaPhongKham`) REFERENCES `phongkham` (`MaPhongKham`),
  ADD CONSTRAINT `lichkham_ibfk_3` FOREIGN KEY (`id_TrangThai`) REFERENCES `trangthai` (`id_TrangThai`),
  ADD CONSTRAINT `lichkham_ibfk_4` FOREIGN KEY (`MaBS`) REFERENCES `bacsi` (`MaBS`);

--
-- Các ràng buộc cho bảng `phongkham`
--
ALTER TABLE `phongkham`
  ADD CONSTRAINT `phongkham_ibfk_1` FOREIGN KEY (`MaKhoa`) REFERENCES `khoakham` (`MaKhoa`);
COMMIT;

/*!40101 SET CHARACTER_SET_CLIENT=@OLD_CHARACTER_SET_CLIENT */;
/*!40101 SET CHARACTER_SET_RESULTS=@OLD_CHARACTER_SET_RESULTS */;
/*!40101 SET COLLATION_CONNECTION=@OLD_COLLATION_CONNECTION */;
